lab_id_hidden,unknown_engineered,n_leaderboard,n_test,n_train
778,FALSE,2,5,12
384,FALSE,8,9,74
2176,TRUE,0,0,14
3676,FALSE,12,9,108
1247,FALSE,2,4,13
930,TRUE,0,1,1
2547,FALSE,0,4,12
3174,TRUE,0,0,1
3720,FALSE,0,4,9
2039,TRUE,0,0,4
1762,FALSE,13,16,25
656,TRUE,0,0,5
2785,FALSE,4,3,21
1363,FALSE,1,3,8
863,TRUE,0,0,1
3045,FALSE,7,12,49
453,TRUE,2,2,2
3594,FALSE,2,5,15
3641,TRUE,0,0,18
1781,TRUE,0,0,2
3728,TRUE,0,0,1
1374,TRUE,1,0,3
3396,TRUE,0,0,8
2320,TRUE,0,0,4
306,TRUE,0,0,2
1064,TRUE,0,0,2
1248,TRUE,1,1,1
2162,FALSE,0,4,6
2720,FALSE,12,5,54
1318,TRUE,0,0,2
1730,TRUE,0,0,2
1602,TRUE,0,1,2
3049,FALSE,1,4,13
1288,FALSE,0,4,6
872,FALSE,0,3,7
2583,TRUE,1,0,3
2327,TRUE,0,0,1
2330,TRUE,1,0,6
1257,TRUE,0,1,1
2121,TRUE,1,0,2
2739,FALSE,1,6,5
3534,TRUE,0,1,4
1105,FALSE,1,4,5
3031,FALSE,21,26,163
3163,TRUE,0,0,2
3502,TRUE,0,2,1
3019,TRUE,1,1,2
3212,FALSE,1,4,9
1205,TRUE,0,0,5
1766,FALSE,4,8,56
933,FALSE,0,5,11
1125,FALSE,24,4,16
1585,TRUE,3,0,6
1981,TRUE,1,0,1
2955,FALSE,1,3,7
509,TRUE,1,0,4
3729,TRUE,1,0,2
3064,TRUE,0,0,12
3200,FALSE,3,7,39
1160,TRUE,1,1,5
1384,TRUE,0,21,0
3707,TRUE,0,0,3
1283,FALSE,2,7,33
1425,FALSE,6,5,12
3351,FALSE,0,4,9
1565,TRUE,0,0,3
1524,TRUE,0,1,6
895,TRUE,0,0,4
3154,TRUE,0,0,2
1778,FALSE,3,3,22
2454,FALSE,5,4,7
626,TRUE,1,0,3
1653,TRUE,0,0,13
883,TRUE,0,0,2
2059,TRUE,1,0,1
2631,TRUE,0,0,2
422,FALSE,2,4,5
1188,FALSE,52,38,332
2565,FALSE,7,6,17
3488,TRUE,0,0,1
3003,TRUE,1,0,2
2189,FALSE,2,6,26
2258,TRUE,0,0,3
3363,TRUE,1,0,0
2861,TRUE,0,0,1
3467,FALSE,0,3,22
1992,FALSE,5,5,34
2522,TRUE,0,1,6
395,FALSE,13,11,88
1728,TRUE,0,0,3
157,TRUE,1,0,1
1127,TRUE,0,1,0
1119,TRUE,0,0,1
3093,TRUE,0,0,8
2882,FALSE,3,9,28
1187,TRUE,0,0,1
3210,TRUE,2,1,4
3524,FALSE,4,5,21
1676,TRUE,2,0,0
2984,TRUE,0,1,2
1332,TRUE,0,0,1
2772,TRUE,0,0,3
193,TRUE,0,1,0
3065,TRUE,1,0,3
1552,TRUE,1,1,7
2839,FALSE,7,7,14
465,FALSE,2,6,12
1380,TRUE,5,0,1
1918,FALSE,3,8,15
2130,TRUE,0,0,7
2186,FALSE,1,3,6
877,FALSE,0,4,11
116,TRUE,0,1,5
3314,FALSE,5,6,31
1017,FALSE,3,5,16
2272,TRUE,1,0,0
625,TRUE,0,0,3
2806,TRUE,1,0,7
595,TRUE,0,0,1
1408,TRUE,0,0,2
2944,TRUE,0,0,1
3258,FALSE,8,10,74
249,TRUE,1,0,2
180,TRUE,0,0,1
216,TRUE,0,0,4
2084,TRUE,0,0,1
1034,TRUE,0,2,6
989,TRUE,1,0,1
585,TRUE,2,0,2
2695,TRUE,0,0,1
2057,TRUE,0,0,2
2086,TRUE,0,0,1
446,TRUE,1,0,3
2211,FALSE,3,5,14
2098,TRUE,0,0,1
1965,TRUE,1,0,0
631,TRUE,2,1,3
142,FALSE,1,3,9
106,FALSE,0,3,10
3477,TRUE,0,1,0
3545,FALSE,1,3,11
2367,FALSE,0,5,17
744,FALSE,26,37,261
1516,TRUE,1,0,1
1028,TRUE,1,0,4
2375,FALSE,4,3,5
2824,FALSE,2,5,19
1679,TRUE,3,0,3
517,FALSE,0,3,9
207,TRUE,0,0,2
1974,TRUE,0,1,6
1997,TRUE,0,2,1
1145,TRUE,0,0,3
2601,FALSE,1,6,4
1436,TRUE,0,0,1
2011,TRUE,0,0,10
2577,TRUE,3,0,2
798,FALSE,0,3,7
1975,TRUE,0,0,3
2474,TRUE,0,2,6
1330,FALSE,7,10,47
1281,TRUE,0,0,1
940,TRUE,0,0,6
1433,FALSE,1,3,6
3243,TRUE,0,0,1
1758,FALSE,3,4,51
2676,TRUE,0,0,1
1763,TRUE,0,1,0
2503,TRUE,0,0,2
1143,TRUE,0,0,3
1036,TRUE,2,1,4
785,FALSE,0,4,13
1784,TRUE,0,0,1
3512,TRUE,0,0,1
3344,TRUE,1,1,6
2197,FALSE,6,15,64
1827,TRUE,0,1,3
623,TRUE,1,0,0
2544,TRUE,2,1,2
220,TRUE,1,1,7
1259,TRUE,0,1,3
3131,TRUE,0,0,1
2651,TRUE,0,1,3
268,TRUE,0,0,1
226,FALSE,5,5,23
1671,TRUE,0,0,1
2370,TRUE,0,0,1
659,FALSE,4,6,10
1329,FALSE,3,4,12
1200,TRUE,0,0,2
400,TRUE,1,0,0
2573,FALSE,4,38,32
2723,TRUE,0,0,2
1695,TRUE,1,0,2
11,TRUE,0,1,0
3335,TRUE,0,0,1
1598,TRUE,0,1,5
648,TRUE,0,0,1
2432,TRUE,0,0,2
21,FALSE,0,22,13
1729,TRUE,1,0,4
3078,TRUE,0,0,4
3481,FALSE,0,6,11
475,TRUE,0,0,2
3360,TRUE,0,1,1
718,FALSE,0,4,7
338,TRUE,0,0,2
172,TRUE,0,1,1
1146,FALSE,1,7,17
425,FALSE,3,7,18
922,FALSE,4,4,18
3345,TRUE,0,0,1
565,TRUE,0,0,2
2975,TRUE,0,0,3
1365,FALSE,3,3,17
2609,TRUE,0,0,1
1916,TRUE,0,0,1
361,TRUE,0,1,1
3153,TRUE,0,0,34
2041,FALSE,2,3,14
2614,FALSE,3,5,10
558,TRUE,0,1,3
781,FALSE,1,3,8
1886,TRUE,1,3,5
2000,TRUE,0,1,1
1958,FALSE,1,5,16
51,FALSE,0,3,10
657,FALSE,0,3,10
2273,TRUE,0,0,1
2759,FALSE,5,5,15
2444,TRUE,0,0,1
2811,TRUE,0,0,3
2430,TRUE,0,1,6
3508,TRUE,0,1,3
30,TRUE,1,0,4
1280,TRUE,0,1,6
63,TRUE,2,0,1
2385,TRUE,0,1,3
3640,TRUE,0,0,2
3106,TRUE,1,0,6
326,TRUE,0,0,1
2268,FALSE,1,6,13
3241,TRUE,1,0,1
1069,FALSE,2,3,15
3490,TRUE,0,0,1
183,TRUE,2,0,4
225,FALSE,2,3,14
150,TRUE,0,1,7
195,TRUE,1,0,4
1949,FALSE,1,3,8
3714,TRUE,1,0,5
840,TRUE,0,1,4
1930,FALSE,1,4,14
2641,TRUE,0,0,3
3649,TRUE,1,0,2
1240,TRUE,0,0,2
1983,FALSE,6,5,25
2773,TRUE,0,0,8
3033,TRUE,1,0,6
2203,FALSE,1,5,14
452,FALSE,5,11,31
2033,FALSE,9,12,69
590,FALSE,7,6,34
1805,TRUE,4,0,0
3068,FALSE,0,5,14
1333,TRUE,0,0,6
2717,TRUE,0,0,1
3272,TRUE,0,0,1
394,FALSE,1,3,8
3199,TRUE,0,0,1
1133,TRUE,0,0,1
960,FALSE,1,3,10
2278,TRUE,0,0,3
2075,TRUE,0,0,2
2034,TRUE,0,1,1
81,FALSE,48,65,473
3076,FALSE,6,7,31
1876,TRUE,3,0,5
137,TRUE,0,1,8
2660,FALSE,0,4,12
3621,TRUE,0,0,1
3526,TRUE,0,0,1
2078,TRUE,0,0,2
170,TRUE,0,0,1
514,FALSE,3,3,14
2639,FALSE,0,3,14
2094,FALSE,3,3,25
728,TRUE,0,0,3
3193,TRUE,0,0,1
1063,TRUE,0,0,8
1238,TRUE,0,0,3
1354,FALSE,5,5,17
1290,TRUE,0,0,4
1760,FALSE,3,5,11
1142,FALSE,9,10,51
1567,FALSE,2,5,13
2712,TRUE,0,0,4
2014,FALSE,2,11,38
315,TRUE,0,0,69
1854,FALSE,6,3,10
3111,TRUE,1,0,1
2175,TRUE,0,0,6
1479,TRUE,1,0,5
655,FALSE,6,3,15
1836,FALSE,2,5,4
3074,TRUE,0,0,5
3161,FALSE,3,10,31
1631,FALSE,3,4,14
1190,FALSE,2,6,25
1838,TRUE,0,1,7
3633,TRUE,2,0,4
2992,FALSE,16,22,177
3077,TRUE,0,0,6
3156,TRUE,0,0,2
2405,TRUE,2,0,4
2737,TRUE,2,0,4
1770,TRUE,0,0,29
336,TRUE,0,1,5
1094,FALSE,1,7,9
2919,FALSE,3,5,12
970,FALSE,7,12,55
653,TRUE,1,1,5
1312,FALSE,1,3,7
8,FALSE,1,3,8
192,TRUE,0,0,1
2670,TRUE,0,0,1
809,TRUE,0,0,2
1776,TRUE,0,0,4
426,TRUE,0,1,2
3181,TRUE,0,1,7
944,TRUE,0,0,6
1825,TRUE,0,0,2
3550,FALSE,0,3,10
1469,TRUE,0,4,4
1947,FALSE,5,6,43
3501,FALSE,3,5,8
1006,TRUE,0,4,0
942,TRUE,0,1,6
125,FALSE,3,6,18
1881,TRUE,0,1,4
3233,TRUE,0,1,5
2422,FALSE,7,7,17
2626,FALSE,7,16,133
1480,TRUE,0,0,6
2552,TRUE,1,0,7
757,FALSE,0,6,12
1894,FALSE,4,6,25
3644,TRUE,1,0,1
19,TRUE,0,0,1
1074,TRUE,3,0,0
2728,TRUE,0,1,5
2381,FALSE,2,4,19
3557,TRUE,0,1,2
2096,TRUE,1,0,4
301,TRUE,0,0,3
668,TRUE,0,1,0
1802,FALSE,1,3,6
867,TRUE,1,0,8
1077,FALSE,4,5,27
2043,FALSE,6,4,18
750,TRUE,0,0,1
3411,TRUE,0,0,1
839,TRUE,0,0,4
605,TRUE,0,0,30
407,TRUE,2,0,6
1096,TRUE,1,0,2
2680,FALSE,0,3,10
2511,TRUE,1,0,0
1814,TRUE,12,0,5
2163,FALSE,18,20,101
2241,TRUE,0,2,0
1809,FALSE,1,5,15
3564,FALSE,2,5,18
186,TRUE,0,1,4
3385,FALSE,43,54,358
1897,FALSE,1,4,12
729,TRUE,1,2,3
1864,FALSE,15,12,50
1692,TRUE,0,2,7
1221,FALSE,1,3,10
210,TRUE,1,0,3
3715,TRUE,0,1,5
1674,TRUE,0,0,1
2400,FALSE,9,12,51
2158,TRUE,0,0,1
66,TRUE,0,0,1
264,TRUE,0,1,2
3445,FALSE,1,5,19
1857,TRUE,0,0,2
2677,TRUE,0,0,1
440,FALSE,10,10,48
1111,FALSE,1,5,7
3391,TRUE,0,0,1
3371,TRUE,0,0,1
111,TRUE,0,1,3
324,FALSE,12,23,94
145,TRUE,0,0,1
515,FALSE,12,13,51
1772,TRUE,1,0,5
2889,TRUE,0,1,2
2357,TRUE,1,1,6
3581,TRUE,2,1,4
602,FALSE,3,3,5
2054,FALSE,39,33,284
333,TRUE,0,0,1
758,TRUE,1,1,6
2593,FALSE,3,4,11
1873,TRUE,2,0,5
1202,TRUE,0,0,7
2693,TRUE,0,0,2
2470,FALSE,0,5,6
3494,FALSE,5,4,35
2047,TRUE,0,0,4
1775,FALSE,3,9,29
3350,TRUE,0,0,5
1296,FALSE,0,5,5
3498,TRUE,0,0,1
2293,TRUE,0,0,1
104,TRUE,1,1,2
984,TRUE,0,0,3
2545,TRUE,1,0,0
2605,TRUE,0,0,3
2303,TRUE,0,0,4
1373,TRUE,0,0,1
2383,TRUE,1,0,6
1456,TRUE,0,0,1
1331,FALSE,4,6,16
3086,TRUE,1,1,0
1917,TRUE,1,0,3
572,TRUE,0,1,5
1305,TRUE,0,0,1
3114,TRUE,0,0,1
592,FALSE,9,11,56
1457,TRUE,0,0,1
3517,TRUE,0,0,3
806,TRUE,2,1,1
2619,TRUE,0,1,3
1344,TRUE,1,0,6
2912,TRUE,1,0,4
2171,TRUE,1,0,2
1090,TRUE,0,0,3
284,TRUE,0,0,4
3731,TRUE,0,2,0
3629,TRUE,0,1,0
2461,FALSE,1,7,23
1164,TRUE,0,1,2
1091,TRUE,1,1,4
2952,FALSE,1,3,7
2467,FALSE,5,11,48
3738,FALSE,8,5,44
2765,FALSE,0,5,5
504,TRUE,1,0,1
735,TRUE,0,0,3
2146,TRUE,0,1,6
1644,TRUE,0,0,2
2683,FALSE,26,9,35
2107,TRUE,0,0,1
1569,TRUE,1,0,5
58,TRUE,9,1,6
399,TRUE,1,0,5
2045,TRUE,0,1,5
2529,TRUE,0,0,3
433,FALSE,0,3,7
1595,FALSE,0,4,6
3582,TRUE,0,0,6
1531,TRUE,0,0,4
1206,FALSE,2,6,22
2459,TRUE,1,0,0
1184,TRUE,0,0,2
57,TRUE,0,4,0
936,FALSE,71,219,571
991,TRUE,0,0,1
155,TRUE,0,1,2
3248,TRUE,0,0,2
334,TRUE,1,0,6
343,FALSE,1,5,11
1948,TRUE,0,0,5
3115,FALSE,1,3,6
2333,TRUE,1,0,2
2876,FALSE,1,7,10
3559,FALSE,0,6,7
309,FALSE,5,6,42
2202,FALSE,2,4,19
2819,TRUE,0,0,4
2616,TRUE,0,1,7
211,TRUE,0,0,4
2513,TRUE,0,0,1
2428,TRUE,0,0,1
3751,TRUE,0,3,11
2553,TRUE,0,0,7
2313,TRUE,0,0,1
2862,TRUE,2,0,2
2446,TRUE,0,0,5
3736,TRUE,0,0,4
3000,FALSE,0,3,17
3184,TRUE,1,0,2
3336,TRUE,1,0,1
1928,TRUE,2,1,5
1182,FALSE,1,4,5
1423,TRUE,0,1,4
3574,FALSE,2,4,19
293,FALSE,3,6,21
236,TRUE,0,0,3
859,FALSE,10,11,81
1269,TRUE,0,0,2
2125,TRUE,0,0,3
1675,TRUE,0,1,0
3261,TRUE,0,0,1
1969,TRUE,0,1,4
2294,TRUE,0,0,3
1512,TRUE,0,0,1
2586,FALSE,3,7,39
2585,TRUE,1,2,4
1295,FALSE,5,7,36
320,FALSE,7,8,38
2804,FALSE,0,3,7
1761,FALSE,1,6,22
2322,TRUE,0,0,1
1443,FALSE,7,9,48
638,TRUE,0,0,1
2141,FALSE,3,3,25
2118,TRUE,1,1,1
2771,TRUE,0,0,51
1678,FALSE,2,7,9
2398,FALSE,6,17,49
3412,TRUE,0,0,1
2497,TRUE,0,0,4
1031,TRUE,0,0,1
861,TRUE,0,2,5
3158,TRUE,2,2,3
3548,FALSE,12,26,83
3597,FALSE,38,34,319
3743,TRUE,0,0,9
1451,TRUE,0,0,2
962,TRUE,0,1,1
533,FALSE,1,4,7
918,TRUE,1,0,3
684,TRUE,0,0,1
437,TRUE,0,1,3
1853,TRUE,0,0,2
3271,TRUE,0,0,2
2165,TRUE,0,0,1
2207,FALSE,1,4,15
2699,TRUE,0,0,2
287,TRUE,0,2,6
1504,TRUE,0,0,1
2596,FALSE,3,4,13
2563,FALSE,2,8,73
3514,TRUE,0,0,2
1386,TRUE,1,0,5
2994,TRUE,3,1,4
388,FALSE,11,13,129
896,TRUE,0,0,6
1033,FALSE,2,4,22
109,TRUE,0,0,1
706,FALSE,3,3,18
2999,FALSE,3,5,27
1532,TRUE,0,1,7
1801,TRUE,0,1,1
2324,FALSE,7,96,106
2546,TRUE,0,0,1
173,TRUE,1,0,0
2128,FALSE,2,3,25
3596,FALSE,6,11,98
3600,TRUE,0,0,7
1169,TRUE,0,0,1
658,TRUE,1,0,3
1807,TRUE,0,0,4
1421,TRUE,0,0,1
2472,TRUE,1,1,2
190,FALSE,3,9,28
2433,TRUE,0,0,1
3470,TRUE,0,0,4
3509,TRUE,0,0,1
2603,TRUE,0,1,1
87,TRUE,0,1,3
439,FALSE,2,4,5
2060,FALSE,2,6,8
921,TRUE,0,1,6
2629,FALSE,3,4,19
2409,TRUE,0,1,1
3454,TRUE,0,0,1
3246,TRUE,0,0,3
2880,FALSE,0,3,28
1471,TRUE,0,0,1
442,TRUE,1,0,5
1617,TRUE,0,0,2
1081,TRUE,0,0,1
1393,TRUE,0,0,7
409,TRUE,0,0,1
2082,TRUE,1,0,1
3426,TRUE,1,0,1
3590,TRUE,1,0,3
1060,TRUE,1,0,1
600,FALSE,0,3,9
853,TRUE,0,0,6
1214,FALSE,3,5,35
2042,FALSE,1,8,13
1211,FALSE,1,4,11
2848,TRUE,1,2,6
3525,FALSE,1,3,12
1651,TRUE,0,0,4
3465,TRUE,0,2,0
508,TRUE,1,1,6
950,FALSE,1,4,5
2491,TRUE,1,1,2
3698,TRUE,0,1,2
3660,FALSE,2,4,37
3104,FALSE,4,4,27
1549,TRUE,0,1,0
1575,TRUE,1,0,7
1124,FALSE,0,4,16
975,TRUE,1,1,2
2411,TRUE,1,0,3
1411,TRUE,1,0,0
3440,TRUE,0,0,5
2283,TRUE,1,1,4
1227,TRUE,0,2,6
99,TRUE,1,1,5
3602,FALSE,2,4,23
2608,TRUE,1,1,3
2150,TRUE,0,0,2
2820,FALSE,32,22,383
1526,FALSE,0,4,9
2627,TRUE,0,1,4
1306,FALSE,1,3,6
3472,FALSE,3,3,12
907,TRUE,0,0,3
1140,FALSE,1,6,11
810,TRUE,0,1,1
2386,FALSE,1,3,12
672,FALSE,0,4,15
3615,FALSE,1,3,11
2617,FALSE,0,3,9
2354,FALSE,0,4,8
768,TRUE,0,0,6
3730,TRUE,0,0,1
277,TRUE,0,0,2
765,TRUE,1,0,0
3228,TRUE,0,0,3
2534,FALSE,12,20,111
1518,FALSE,2,4,21
3712,FALSE,44,63,359
3475,TRUE,0,0,2
2707,TRUE,0,0,24
3670,FALSE,1,4,5
1276,FALSE,7,8,39
1241,TRUE,0,0,1
899,TRUE,0,0,3
1171,TRUE,0,0,1
846,TRUE,1,0,3
2834,TRUE,0,0,3
1968,FALSE,0,5,14
2145,TRUE,0,0,5
2751,TRUE,0,0,1
1721,TRUE,0,0,2
1237,TRUE,0,0,2
3699,TRUE,3,1,3
191,TRUE,0,0,1
1952,TRUE,2,1,2
3675,TRUE,1,0,5
346,TRUE,6,1,1
2371,TRUE,1,0,0
1768,TRUE,0,0,1
1640,TRUE,1,0,2
69,TRUE,1,2,5
206,TRUE,0,1,0
3688,TRUE,0,2,1
1554,TRUE,0,0,7
161,TRUE,1,1,0
3630,TRUE,0,1,3
3595,TRUE,0,1,0
2521,TRUE,0,1,4
2507,FALSE,25,5,26
1662,TRUE,0,2,4
1988,TRUE,0,0,1
2217,TRUE,0,1,4
1197,TRUE,0,0,1
1910,FALSE,0,4,14
1707,FALSE,37,48,379
2630,TRUE,0,1,1
3317,TRUE,0,0,1
1690,FALSE,2,6,17
2814,TRUE,0,0,2
1268,TRUE,0,0,3
1082,FALSE,2,4,24
1078,TRUE,0,0,3
26,TRUE,1,0,7
3295,TRUE,2,0,5
3013,TRUE,0,0,1
1793,TRUE,1,0,5
308,TRUE,2,0,2
2206,TRUE,0,0,3
3191,TRUE,1,1,5
2280,TRUE,0,0,5
253,FALSE,1,3,9
3147,FALSE,9,10,80
1359,FALSE,3,5,2732
3455,TRUE,0,0,9
1828,TRUE,0,0,9
3145,FALSE,0,4,7
260,FALSE,62,59,456
647,TRUE,0,0,4
3043,TRUE,0,1,2
1855,FALSE,0,5,12
331,TRUE,0,0,9
1012,TRUE,2,1,3
2027,TRUE,1,0,3
967,FALSE,1,4,9
2822,FALSE,0,3,16
2853,TRUE,1,0,1
1523,FALSE,3,4,12
2154,FALSE,2,4,9
423,TRUE,0,9,1
1895,TRUE,0,0,11
1736,TRUE,0,0,2
1849,FALSE,3,6,20
1083,TRUE,0,0,9
3530,FALSE,2,3,24
2985,TRUE,2,1,6
129,TRUE,0,0,1
154,TRUE,0,1,6
3541,TRUE,0,0,3
815,FALSE,0,3,7
736,TRUE,0,0,1
880,FALSE,3,5,9
563,FALSE,1,5,23
241,TRUE,0,0,1
2222,TRUE,0,0,1
3695,TRUE,0,0,2
2408,TRUE,0,0,3
2947,TRUE,0,0,1
543,TRUE,0,0,1
1430,TRUE,0,1,5
467,TRUE,2,0,2
860,TRUE,0,1,0
1771,FALSE,2,6,21
2932,TRUE,0,0,3
1307,TRUE,0,1,0
3250,TRUE,0,1,3
849,FALSE,0,4,12
3356,FALSE,3,5,17
1229,TRUE,0,0,9
974,TRUE,0,1,5
1939,FALSE,0,4,10
2434,TRUE,0,0,2
2397,FALSE,1,6,20
1522,TRUE,0,0,6
3599,TRUE,1,3,5
1642,FALSE,2,7,35
2353,TRUE,1,0,1
841,FALSE,0,7,8
3593,TRUE,0,0,2
3655,FALSE,1,3,6
2179,FALSE,0,6,12
2115,FALSE,5,12,71
2972,TRUE,0,1,0
1898,TRUE,1,1,5
667,FALSE,8,16,76
3658,TRUE,0,0,1
594,FALSE,5,4,16
519,TRUE,0,0,5
1604,TRUE,1,1,2
1493,TRUE,0,0,1
2083,TRUE,0,3,4
318,TRUE,0,0,1
2519,TRUE,0,0,2
166,TRUE,0,1,5
2612,TRUE,0,1,8
564,TRUE,0,0,4
3378,FALSE,5,3,19
402,FALSE,0,4,8
350,FALSE,0,5,8
2527,FALSE,5,9,41
1577,TRUE,0,0,6
1212,TRUE,0,0,2
1719,FALSE,3,5,11
2958,TRUE,0,0,8
830,FALSE,6,13,45
3589,TRUE,0,0,2
1196,FALSE,4,3,20
156,TRUE,1,1,1
771,FALSE,41,46,340
2289,TRUE,0,0,2
780,TRUE,0,0,3
2775,FALSE,1,5,17
1650,FALSE,0,5,17
3069,TRUE,0,0,5
2404,TRUE,0,0,1
2649,TRUE,0,0,12
2926,TRUE,0,0,1
1797,TRUE,4,0,0
2690,TRUE,0,1,0
1251,FALSE,1,3,6
2479,TRUE,0,0,1
2954,FALSE,0,4,6
938,FALSE,5,8,42
1501,TRUE,0,0,6
654,TRUE,1,0,4
825,TRUE,0,0,1
3018,TRUE,1,0,3
5,FALSE,15,25,133
2666,FALSE,3,4,19
1327,TRUE,1,0,2
557,TRUE,1,1,3
924,FALSE,2,4,7
1718,TRUE,0,0,1
808,TRUE,0,0,2
232,FALSE,23,19,164
855,FALSE,1,3,10
2355,FALSE,3,4,4
2948,TRUE,0,0,2
325,FALSE,6,5,13
2920,FALSE,4,7,43
2997,TRUE,0,0,1
1508,FALSE,4,7,37
2218,FALSE,2,3,10
2726,FALSE,10,10,67
2560,TRUE,1,0,0
3492,FALSE,1,6,4
3253,TRUE,0,1,61
2966,FALSE,0,4,25
72,FALSE,0,5,6
1058,TRUE,1,0,5
378,TRUE,0,0,2
1547,TRUE,0,0,4
335,TRUE,0,0,3
2946,FALSE,0,7,7
3066,FALSE,0,3,7
2746,TRUE,0,1,0
3380,TRUE,0,0,4
545,TRUE,1,0,10
86,TRUE,0,0,1
1025,FALSE,2,4,6
449,TRUE,0,0,4
2395,FALSE,14,25,93
601,TRUE,1,0,4
1406,FALSE,5,7,53
2704,TRUE,0,0,4
2376,FALSE,8,11,52
1302,TRUE,1,3,2
1711,FALSE,7,12,57
1551,TRUE,1,0,2
2960,TRUE,1,0,2
1862,FALSE,2,5,7
1460,TRUE,0,0,2
2159,TRUE,0,0,5
3245,TRUE,0,0,1
614,TRUE,0,0,6
3330,FALSE,0,3,9
2505,TRUE,0,0,2
33,FALSE,1,4,20
38,TRUE,0,0,1
1370,TRUE,0,0,1
68,FALSE,0,4,8
566,TRUE,1,1,1
482,TRUE,0,0,2
2640,TRUE,0,0,3
664,TRUE,0,0,2
1100,FALSE,2,4,36
473,FALSE,1,3,6
2675,TRUE,0,0,5
2509,TRUE,0,1,0
22,TRUE,1,0,4
3442,FALSE,3,5,39
3218,TRUE,0,1,3
531,TRUE,0,0,2
898,TRUE,0,1,2
683,TRUE,0,0,1
1286,TRUE,0,0,4
2126,TRUE,0,0,7
24,TRUE,0,1,3
2874,TRUE,0,0,4
696,FALSE,10,13,60
1658,TRUE,0,0,1
412,TRUE,3,0,0
1103,TRUE,0,0,1
3679,FALSE,0,7,25
84,FALSE,0,6,10
1745,FALSE,38,46,333
995,TRUE,0,0,1
539,FALSE,4,10,61
3095,FALSE,0,4,9
3444,TRUE,0,0,1
3342,FALSE,4,3,18
3677,TRUE,0,1,1
218,TRUE,0,0,1
133,TRUE,0,0,4
964,FALSE,0,5,9
503,FALSE,2,5,13
2990,FALSE,3,5,26
3354,FALSE,1,9,34
2674,TRUE,0,0,3
3094,TRUE,0,0,6
1998,TRUE,0,0,6
2494,TRUE,1,1,1
2517,TRUE,1,0,1
1777,FALSE,12,12,152
373,TRUE,0,0,1
1951,TRUE,2,0,5
3549,TRUE,0,0,6
3015,FALSE,3,8,11
2201,FALSE,0,4,14
3394,TRUE,0,1,1
3468,TRUE,0,0,1
1510,TRUE,2,0,1
103,TRUE,0,1,2
3110,TRUE,0,0,1
3023,TRUE,1,0,3
2026,TRUE,0,0,32
3732,TRUE,0,1,1
1722,TRUE,0,1,5
2246,FALSE,1,5,8
1032,FALSE,18,21,134
2144,TRUE,2,1,4
1256,TRUE,0,0,1
2961,FALSE,1,6,6
3687,TRUE,0,1,4
1694,TRUE,0,0,2
2533,FALSE,10,9,53
1358,TRUE,0,0,1
1785,TRUE,1,3,4
1152,FALSE,4,8,20
1887,TRUE,0,1,2
1861,TRUE,0,1,5
2776,FALSE,3,5,13
1901,TRUE,0,0,2
1628,FALSE,10,8,9
1270,TRUE,0,0,1
1453,TRUE,0,0,4
2177,FALSE,15,14,66
2808,TRUE,0,0,2
1068,TRUE,2,0,3
279,FALSE,10,17,83
2113,TRUE,0,0,8
2152,FALSE,2,5,12
2594,FALSE,0,6,16
3734,FALSE,2,6,35
3138,TRUE,0,1,5
3409,TRUE,1,0,0
1414,TRUE,2,0,3
1447,TRUE,1,0,0
2028,FALSE,1,3,16
1371,FALSE,2,9,53
1173,TRUE,0,1,0
971,TRUE,1,0,3
1557,TRUE,1,0,0
2286,TRUE,0,1,1
784,FALSE,4,3,7
3179,TRUE,0,0,1
3225,TRUE,0,0,1
2638,FALSE,4,10,71
3127,TRUE,1,1,2
574,TRUE,0,1,5
954,TRUE,0,0,1
700,TRUE,0,0,1
1699,TRUE,0,1,2
356,TRUE,1,0,5
1254,FALSE,3,6,20
2232,TRUE,1,0,1
1706,TRUE,1,0,2
3089,TRUE,1,0,2
1755,TRUE,0,0,6
2464,FALSE,0,4,14
2897,TRUE,0,1,1
228,TRUE,2,0,6
1015,FALSE,0,3,8
679,TRUE,0,0,1
242,TRUE,0,2,5
1751,FALSE,29,41,302
1047,FALSE,2,4,22
3577,TRUE,1,1,3
1007,FALSE,4,6,26
3570,TRUE,0,0,1
2821,TRUE,0,0,4
434,TRUE,0,0,4
1507,FALSE,1,4,14
2733,TRUE,0,0,3
2142,TRUE,0,2,4
2275,TRUE,0,1,5
2030,TRUE,0,1,3
2219,TRUE,0,0,3
2359,FALSE,2,5,8
82,TRUE,0,0,5
958,TRUE,1,0,6
3299,TRUE,0,0,7
2807,TRUE,0,0,6
1821,TRUE,0,0,2
828,TRUE,0,0,1
3304,FALSE,6,5,17
2892,FALSE,2,4,10
1888,FALSE,1,5,30
1570,FALSE,1,7,11
3315,FALSE,0,4,8
676,FALSE,6,11,45
1600,FALSE,2,3,7
1606,TRUE,0,0,1
2251,TRUE,1,0,0
3247,TRUE,1,0,2
976,TRUE,0,0,2
286,FALSE,2,3,5
3726,FALSE,0,3,13
1635,TRUE,1,0,0
847,TRUE,1,0,0
95,FALSE,1,3,7
354,FALSE,1,6,5
2787,TRUE,0,0,2
3332,TRUE,1,0,5
2830,TRUE,0,0,5
71,FALSE,3,5,7
3435,TRUE,1,0,2
1816,FALSE,3,3,13
2410,FALSE,0,4,12
3558,TRUE,0,0,1
2998,FALSE,2,6,3
2015,TRUE,1,0,0
370,FALSE,0,3,7
593,FALSE,1,4,15
3319,FALSE,5,3,9
1123,FALSE,1,4,16
3586,TRUE,0,0,1
1420,FALSE,3,3,5
1319,TRUE,0,0,1
164,TRUE,1,0,1
2425,FALSE,2,7,43
2828,TRUE,1,0,4
3010,TRUE,0,0,4
2518,TRUE,0,0,9
1394,TRUE,1,0,1
484,TRUE,0,0,8
1203,FALSE,0,6,8
1859,TRUE,2,0,3
912,TRUE,0,1,6
3070,TRUE,0,2,6
2413,FALSE,2,5,8
1234,FALSE,9,9,44
3002,FALSE,0,4,7
2155,TRUE,1,0,8
2837,TRUE,0,0,3
669,TRUE,3,2,4
2253,FALSE,1,4,11
485,TRUE,0,0,1
1710,FALSE,1,5,21
553,TRUE,0,0,2
288,FALSE,2,6,9
598,TRUE,0,0,5
2068,TRUE,0,0,2
2457,FALSE,2,3,9
2493,TRUE,0,0,4
1542,TRUE,0,0,2
244,FALSE,4,5,11
3140,TRUE,0,1,0
146,FALSE,1,4,8
1900,FALSE,0,3,7
3592,FALSE,3,4,11
1603,FALSE,52,38,367
1412,TRUE,0,0,1
1176,FALSE,1,7,30
3090,FALSE,0,5,12
3697,TRUE,0,0,1
2685,TRUE,2,1,4
2709,TRUE,0,1,6
3406,FALSE,0,3,10
9,TRUE,0,1,2
3368,TRUE,0,0,1
1079,TRUE,0,0,3
3310,TRUE,0,0,6
2798,FALSE,5,8,23
1484,TRUE,0,1,1
2532,TRUE,0,0,3
2841,FALSE,57,54,490
464,TRUE,2,0,2
3430,TRUE,0,0,1
1996,FALSE,2,7,42
3429,TRUE,1,0,2
132,FALSE,12,15,64
2864,TRUE,0,0,2
2205,TRUE,0,0,1
3540,TRUE,0,0,1
516,FALSE,0,3,7
3566,TRUE,0,0,5
2314,FALSE,1,4,17
2044,TRUE,0,0,1
466,TRUE,0,1,1
3567,FALSE,1,7,18
3189,FALSE,0,55,1
45,TRUE,0,0,3
1843,FALSE,8,22,214
827,TRUE,1,0,4
3255,TRUE,1,0,4
292,FALSE,1,4,5
1482,FALSE,6,6,38
1926,TRUE,0,1,2
3054,TRUE,0,1,5
2970,FALSE,5,9,69
2833,FALSE,0,4,10
1912,TRUE,0,0,2
1529,FALSE,2,5,17
1165,TRUE,0,0,1
2089,FALSE,0,3,12
344,FALSE,1,4,14
745,TRUE,0,0,1
3349,TRUE,1,1,1
1798,FALSE,0,4,7
3598,TRUE,0,1,2
2140,TRUE,2,1,5
1013,FALSE,1,6,5
2967,TRUE,0,0,4
1860,TRUE,0,0,1
1689,TRUE,0,1,0
3491,TRUE,0,0,1
2040,TRUE,0,0,2
547,TRUE,5,0,0
3283,TRUE,1,1,1
1314,TRUE,0,0,1
2918,FALSE,2,5,15
3381,TRUE,0,0,1
2421,TRUE,2,2,2
2872,TRUE,1,1,5
1020,FALSE,3,5,21
1664,TRUE,0,1,7
725,TRUE,1,0,0
3341,TRUE,0,1,8
3533,TRUE,0,1,7
752,TRUE,0,0,3
1016,FALSE,1,5,5
2135,TRUE,1,0,2
1932,TRUE,0,0,4
2768,TRUE,0,0,1
953,TRUE,0,1,7
487,TRUE,0,0,2
2475,FALSE,3,3,8
3400,TRUE,0,0,2
61,TRUE,1,1,5
2855,FALSE,1,5,6
276,TRUE,1,0,2
2104,TRUE,1,0,0
303,FALSE,1,5,5
1780,FALSE,1,5,22
3201,FALSE,1,6,12
1228,TRUE,1,0,2
2092,FALSE,1,5,4
1972,TRUE,1,2,6
3092,TRUE,1,0,3
3035,TRUE,0,0,1
2488,TRUE,0,0,1
3651,TRUE,0,0,6
2079,TRUE,0,4,2
2242,TRUE,0,1,2
2384,FALSE,0,3,7
3325,FALSE,16,27,115
1605,TRUE,0,0,1
603,TRUE,0,0,3
3171,TRUE,0,0,2
1289,TRUE,0,0,3
1537,TRUE,0,2,1
1252,TRUE,0,0,3
2595,TRUE,0,0,8
2429,TRUE,1,0,7
843,TRUE,1,0,3
18,TRUE,0,0,1
2711,TRUE,4,6,1
1153,FALSE,4,8,37
3451,FALSE,1,3,8
3469,TRUE,0,1,3
2896,FALSE,1,4,9
2625,TRUE,0,0,1
1029,TRUE,0,0,1
3032,FALSE,0,4,6
2487,TRUE,0,0,1
3603,FALSE,2,4,52
2810,TRUE,0,0,4
3648,TRUE,1,0,1
1409,TRUE,0,0,3
3459,TRUE,0,2,1
130,TRUE,1,1,2
2208,FALSE,22,27,164
2672,FALSE,2,5,4
3197,FALSE,2,7,19
3307,TRUE,2,0,1
856,TRUE,0,0,3
3421,TRUE,0,0,1
304,TRUE,0,1,1
2504,TRUE,0,0,3
262,TRUE,0,0,1
2939,TRUE,0,0,5
2460,FALSE,0,3,7
2516,TRUE,3,3,3
3463,TRUE,0,0,3
2274,TRUE,0,0,5
1487,TRUE,0,0,7
3696,TRUE,1,0,1
1687,FALSE,8,13,75
3103,TRUE,0,0,2
1321,TRUE,1,0,5
1913,TRUE,1,1,7
766,FALSE,1,3,6
1472,TRUE,0,0,9
1199,FALSE,2,5,125
165,FALSE,5,9,39
3580,FALSE,1,3,9
459,TRUE,1,0,2
2153,TRUE,0,0,5
534,TRUE,0,1,5
1984,FALSE,1,6,14
92,TRUE,0,0,3
3575,TRUE,0,0,5
3014,TRUE,0,0,4
3041,TRUE,0,0,1
2063,TRUE,0,0,1
512,TRUE,1,1,3
3016,TRUE,0,0,3
2006,TRUE,0,0,1
1937,TRUE,0,0,2
908,TRUE,0,0,7
1107,TRUE,1,0,2
3418,TRUE,0,0,7
296,FALSE,2,5,14
2053,TRUE,0,5,0
1682,TRUE,1,0,7
2348,FALSE,1,6,8
2900,TRUE,0,0,6
763,TRUE,0,1,0
3473,TRUE,0,0,3
1204,TRUE,1,0,2
794,FALSE,2,8,25
3039,FALSE,10,8,54
731,FALSE,0,4,18
3269,TRUE,0,0,1
3702,TRUE,1,0,5
698,TRUE,0,0,3
3450,TRUE,1,1,3
1404,FALSE,4,6,14
1399,TRUE,0,0,2
1194,TRUE,0,0,5
321,TRUE,1,0,5
135,TRUE,0,2,7
2793,FALSE,2,3,9
1954,FALSE,7,14,53
852,TRUE,1,0,4
347,FALSE,2,6,9
3214,TRUE,0,0,2
3222,TRUE,1,0,2
20,FALSE,0,20,26
2678,TRUE,0,0,1
2854,TRUE,2,0,4
1738,TRUE,0,0,2
2055,TRUE,0,0,1
2951,FALSE,4,4,15
1613,TRUE,0,0,2
2659,FALSE,2,6,5
537,TRUE,1,1,0
1832,TRUE,1,0,2
3657,FALSE,9,12,59
88,FALSE,3,7,36
3496,TRUE,0,0,1
2774,TRUE,0,0,1
3504,FALSE,1,4,15
1282,TRUE,0,0,3
2212,FALSE,5,8,57
3277,FALSE,1,4,7
3388,TRUE,0,0,4
606,TRUE,2,1,6
2239,TRUE,2,2,5
2259,TRUE,0,0,1
834,TRUE,0,0,2
893,TRUE,0,0,3
3662,FALSE,4,5,22
1223,TRUE,1,0,0
1011,FALSE,1,4,7
3453,TRUE,1,0,5
1072,TRUE,1,0,2
2209,TRUE,0,0,2
561,TRUE,0,1,7
3306,TRUE,0,0,1
55,TRUE,1,0,5
3392,TRUE,1,0,5
892,FALSE,4,9,30
2181,TRUE,0,0,4
2131,TRUE,0,0,6
366,TRUE,0,1,5
1783,TRUE,0,2,2
1556,FALSE,2,5,18
1717,FALSE,6,7,50
1427,TRUE,1,0,4
2991,TRUE,0,0,3
1660,TRUE,0,0,1
3252,TRUE,1,0,6
1782,FALSE,0,4,8
3357,FALSE,8,13,67
10,TRUE,0,1,1
239,TRUE,0,0,2
800,FALSE,2,5,18
1978,FALSE,4,8,37
495,FALSE,5,4,13
1415,TRUE,0,0,2
235,TRUE,3,0,5
2870,TRUE,0,0,3
479,FALSE,1,7,23
2307,TRUE,0,1,7
105,FALSE,1,3,6
1459,TRUE,0,1,1
2933,TRUE,4,0,4
2238,FALSE,1,6,12
1261,TRUE,0,0,2
1957,TRUE,0,0,5
3372,TRUE,0,0,2
2390,FALSE,7,8,502
2260,FALSE,5,9,20
1465,TRUE,3,0,5
1226,FALSE,3,13,86
1418,TRUE,0,0,2
3312,TRUE,0,0,4
222,FALSE,1,5,8
2244,TRUE,0,0,16
1084,FALSE,4,21,27
1106,TRUE,0,0,4
1049,FALSE,1,5,10
3082,TRUE,0,0,2
3230,TRUE,1,1,6
3746,FALSE,0,3,8
3520,TRUE,0,1,5
2718,TRUE,0,0,3
299,TRUE,0,2,3
1697,TRUE,1,0,0
2600,TRUE,0,0,3
915,TRUE,0,0,2
3476,TRUE,0,0,5
3484,TRUE,0,2,0
969,TRUE,0,1,3
1572,TRUE,0,0,1
635,TRUE,0,0,1
438,FALSE,1,3,6
313,FALSE,7,5,37
2334,FALSE,2,3,7
2632,TRUE,1,1,4
1511,TRUE,0,1,5
1708,TRUE,0,1,2
675,TRUE,0,1,2
527,FALSE,0,4,16
3642,TRUE,0,0,2
1489,TRUE,0,1,0
2227,TRUE,0,0,5
1848,FALSE,9,10,80
1774,TRUE,0,0,3
1773,TRUE,0,0,2
1688,TRUE,0,0,2
134,TRUE,0,0,1
2696,TRUE,0,0,2
2349,FALSE,3,4,5
1750,TRUE,0,0,2
302,TRUE,1,0,4
1258,TRUE,0,1,1
3099,TRUE,0,3,0
2929,TRUE,0,0,5
980,TRUE,0,0,6
2847,FALSE,5,8,31
2963,TRUE,0,0,2
999,TRUE,0,0,1
1177,TRUE,1,0,4
1432,TRUE,0,0,3
3279,TRUE,0,0,5
3458,TRUE,0,0,2
365,FALSE,0,4,6
2012,FALSE,4,10,34
3326,FALSE,0,3,9
2646,TRUE,1,0,1
2713,TRUE,1,0,6
3107,TRUE,0,1,8
1563,TRUE,0,0,3
2902,TRUE,2,2,2
3717,TRUE,1,0,3
1178,TRUE,0,0,2
618,FALSE,9,12,75
2056,FALSE,2,5,31
1059,FALSE,1,3,18
3288,TRUE,0,0,7
634,TRUE,0,0,1
2747,FALSE,15,14,76
27,FALSE,9,3,7
259,FALSE,1,3,12
520,TRUE,0,1,7
2342,TRUE,0,0,4
2423,FALSE,1,3,9
280,TRUE,0,1,5
3053,TRUE,1,0,0
1935,TRUE,0,0,6
2148,TRUE,4,1,2
3087,FALSE,6,8,44
1896,FALSE,1,3,7
1324,TRUE,0,0,3
1455,TRUE,0,0,3
990,TRUE,0,0,1
822,FALSE,11,18,106
3263,TRUE,0,0,6
1953,FALSE,1,4,11
2957,TRUE,3,0,4
2973,TRUE,0,0,1
3659,TRUE,0,0,3
2744,FALSE,2,5,9
1263,FALSE,5,9,55
2937,TRUE,0,1,0
1054,FALSE,0,3,8
269,FALSE,2,5,13
506,TRUE,0,0,2
525,FALSE,0,3,7
2780,FALSE,1,11,29
2599,TRUE,0,0,1
1880,FALSE,1,6,13
1130,FALSE,4,9,26
2325,TRUE,0,1,0
1387,TRUE,1,0,2
874,TRUE,0,0,3
3088,FALSE,12,8,36
1174,TRUE,0,0,2
3681,TRUE,0,1,0
1944,TRUE,0,0,2
599,TRUE,1,0,3
2297,TRUE,0,0,3
3005,TRUE,2,0,3
1591,TRUE,0,0,2
1407,FALSE,2,6,42
1513,TRUE,0,0,1
1369,FALSE,15,13,63
1899,FALSE,1,3,7
2979,TRUE,0,0,1
3101,TRUE,0,0,4
2887,TRUE,0,0,5
3370,TRUE,3,1,4
480,TRUE,0,1,4
1724,TRUE,0,1,0
1891,TRUE,1,0,1
2022,TRUE,1,1,7
3362,FALSE,6,5,28
3118,TRUE,0,0,1
661,FALSE,1,3,52
711,TRUE,0,0,1
2224,TRUE,1,0,4
2589,TRUE,2,0,0
1712,FALSE,0,3,7
424,FALSE,0,4,7
577,FALSE,7,26,63
868,TRUE,0,1,0
2745,FALSE,4,4,26
1517,TRUE,0,0,8
2538,TRUE,0,0,2
3275,FALSE,2,4,11
243,FALSE,1,4,6
2792,FALSE,1,5,4
2969,TRUE,1,0,0
80,TRUE,1,1,0
578,TRUE,0,0,1
1734,FALSE,0,4,12
1538,TRUE,0,0,1
3560,TRUE,0,0,3
3725,TRUE,0,0,2
1326,TRUE,0,0,3
114,FALSE,1,3,18
1841,TRUE,1,1,5
1811,TRUE,0,1,3
2337,FALSE,19,22,174
1858,TRUE,0,0,3
2687,FALSE,2,3,8
3572,FALSE,0,4,11
567,FALSE,1,3,10
2758,TRUE,0,1,1
1402,TRUE,0,0,9
3694,TRUE,0,0,2
2588,TRUE,0,1,1
3124,FALSE,31,27,193
3744,TRUE,0,1,1
3690,FALSE,17,4,15
3527,TRUE,0,0,3
2525,TRUE,1,0,3
2879,TRUE,2,0,2
1871,TRUE,1,1,3
759,TRUE,1,0,3
951,TRUE,0,0,2
3240,TRUE,0,0,1
490,TRUE,0,1,4
1339,TRUE,1,0,5
3084,FALSE,6,6,53
2295,TRUE,1,1,0
2296,TRUE,0,0,1
3515,FALSE,4,5,11
1138,FALSE,2,6,21
1946,TRUE,0,0,2
2923,FALSE,2,3,13
3399,FALSE,7,5,53
826,TRUE,0,0,1
2256,TRUE,0,0,2
2074,FALSE,1,4,9
3280,FALSE,5,13,47
138,TRUE,1,0,2
362,FALSE,2,6,16
2112,TRUE,2,0,0
34,TRUE,0,0,5
965,TRUE,0,6,1
2607,TRUE,0,0,3
3259,TRUE,0,2,4
3528,TRUE,4,0,2
1233,FALSE,4,3,20
837,TRUE,0,0,3
2453,TRUE,0,1,1
2025,FALSE,5,4,24
159,TRUE,0,0,2
1149,FALSE,1,4,19
2877,TRUE,1,0,2
2443,TRUE,0,1,3
2931,TRUE,3,1,3
2108,TRUE,0,0,1
1548,TRUE,0,0,1
1439,FALSE,1,9,19
177,TRUE,0,0,2
803,TRUE,0,0,2
1297,TRUE,0,0,3
1878,TRUE,0,0,11
2729,FALSE,18,21,115
1038,FALSE,4,4,16
3703,TRUE,0,0,1
2350,TRUE,0,0,2
1413,FALSE,1,3,20
1175,TRUE,0,0,1
493,FALSE,2,7,31
1700,TRUE,0,1,2
1428,TRUE,0,0,1
3568,FALSE,0,4,7
3537,FALSE,1,5,9
489,TRUE,0,2,5
1723,TRUE,0,0,2
2485,FALSE,2,5,3
2172,TRUE,6,0,0
1546,TRUE,1,0,2
1498,FALSE,7,7,46
3126,TRUE,0,0,8
885,FALSE,3,6,32
48,FALSE,2,4,13
3578,FALSE,1,5,6
617,TRUE,0,0,3
1936,FALSE,7,9,43
2306,TRUE,0,3,3
3046,FALSE,1,6,13
1673,TRUE,0,0,1
3431,FALSE,10,5,49
1109,TRUE,0,0,1
294,FALSE,1,4,6
2184,FALSE,134,137,1064
552,FALSE,6,6,40
2598,FALSE,2,4,8
3722,TRUE,0,0,2
2580,TRUE,0,1,5
1376,TRUE,0,0,1
2164,TRUE,0,0,3
2396,TRUE,1,0,5
1852,TRUE,0,1,5
2770,FALSE,2,4,29
2878,TRUE,0,1,4
2291,TRUE,0,0,3
541,FALSE,2,5,12
746,TRUE,0,0,1
979,TRUE,0,0,8
1976,TRUE,0,0,8
2161,FALSE,4,10,27
1253,TRUE,0,0,1
2783,FALSE,1,3,12
2826,TRUE,0,0,2
3607,TRUE,1,0,0
416,FALSE,3,3,12
2062,FALSE,3,5,26
2109,TRUE,0,0,1
2173,TRUE,0,0,1
1496,FALSE,1,4,6
3137,FALSE,3,3,7
3001,TRUE,2,0,2
1725,TRUE,0,0,2
1889,FALSE,4,5,28
2784,FALSE,9,13,44
3672,FALSE,1,5,15
35,TRUE,1,1,5
2856,TRUE,0,0,1
1065,TRUE,0,0,2
3119,TRUE,1,0,2
1168,TRUE,0,0,9
1787,TRUE,0,0,1
332,FALSE,0,4,6
1779,TRUE,0,0,1
204,TRUE,0,0,5
2569,TRUE,0,0,1
1732,TRUE,0,0,8
1262,FALSE,2,3,6
2748,FALSE,3,7,38
3,TRUE,1,0,22
1464,FALSE,4,14,34
2506,FALSE,2,10,40
805,FALSE,14,15,136
1808,TRUE,0,1,8
3513,FALSE,15,14,144
1686,FALSE,0,3,7
3072,TRUE,0,0,5
1328,FALSE,5,8,39
3112,TRUE,1,0,8
1914,TRUE,1,0,5
2147,TRUE,0,1,1
2309,TRUE,1,0,0
3604,TRUE,0,0,5
2697,FALSE,5,5,11
2003,TRUE,0,0,1
3439,TRUE,1,0,3
1645,FALSE,0,3,9
2953,FALSE,3,4,16
1820,TRUE,0,0,2
3190,FALSE,8,10,20
1099,TRUE,0,0,13
317,TRUE,0,0,3
389,TRUE,1,3,3
3605,TRUE,0,0,6
163,FALSE,0,4,9
637,TRUE,1,0,4
2182,FALSE,2,7,22
2909,TRUE,2,1,6
3205,TRUE,0,0,4
257,FALSE,16,16,107
2664,FALSE,1,6,12
1026,TRUE,0,0,1
3075,FALSE,1,23,16
1786,TRUE,0,1,0
2360,FALSE,0,4,8
671,TRUE,0,0,3
2624,TRUE,0,0,2
50,TRUE,0,0,70
3742,TRUE,1,0,3
1396,TRUE,0,0,1
1586,TRUE,1,0,7
836,FALSE,2,3,6
1161,TRUE,0,1,8
1752,TRUE,1,0,2
1210,FALSE,0,4,94
3235,TRUE,1,0,2
3170,FALSE,2,3,8
1158,FALSE,22,28,168
3608,TRUE,0,2,6
455,FALSE,7,8,30
1970,FALSE,0,5,16
773,TRUE,0,1,6
571,TRUE,1,1,1
3139,TRUE,0,0,1
857,TRUE,0,0,4
523,TRUE,0,0,2
1655,FALSE,2,3,12
2490,FALSE,6,3,35
2223,TRUE,0,0,1
1372,TRUE,0,0,4
1812,TRUE,1,0,3
2067,TRUE,0,1,0
405,FALSE,2,3,15
1799,TRUE,0,0,1
3268,TRUE,0,0,7
2310,TRUE,0,3,6
421,TRUE,0,0,2
2934,TRUE,1,0,5
3510,TRUE,1,0,0
772,TRUE,0,0,1
435,FALSE,3,11,34
3365,TRUE,1,0,4
3296,FALSE,1,10,22
2827,TRUE,0,1,1
802,TRUE,1,0,7
3402,FALSE,2,5,15
2710,FALSE,4,5,17
1098,TRUE,0,0,2
720,TRUE,1,0,3
3331,TRUE,1,2,1
3495,TRUE,0,0,7
2379,FALSE,6,4,26
3333,TRUE,1,0,2
1189,TRUE,1,0,5
3004,FALSE,2,5,19
2300,FALSE,28,20,210
457,TRUE,0,0,1
91,FALSE,6,14,81
2070,FALSE,0,4,9
367,TRUE,0,0,2
2157,FALSE,2,6,24
77,TRUE,0,0,2
779,TRUE,0,1,8
3060,TRUE,0,2,7
2185,FALSE,0,6,12
1578,TRUE,0,0,3
3287,FALSE,4,5,24
1634,TRUE,0,0,1
1990,TRUE,0,1,2
1181,TRUE,1,0,4
3047,FALSE,2,8,25
3521,TRUE,0,0,6
3673,FALSE,0,4,15
3543,TRUE,0,0,2
932,TRUE,0,0,1
677,FALSE,1,3,10
149,FALSE,2,6,10
1520,FALSE,12,8,38
2134,FALSE,1,4,6
982,FALSE,2,11,41
2688,TRUE,3,0,0
3239,TRUE,0,0,1
905,FALSE,1,3,6
549,TRUE,0,0,2
168,TRUE,1,0,6
2983,FALSE,1,5,10
1317,FALSE,7,11,57
555,TRUE,0,0,1
229,FALSE,1,5,8
3499,TRUE,0,0,1
3686,TRUE,0,0,1
3213,TRUE,0,1,2
37,TRUE,0,0,3
3452,TRUE,0,0,5
3519,FALSE,1,6,9
2526,TRUE,1,0,1
175,TRUE,1,0,4
1231,TRUE,0,0,1
630,FALSE,1,3,10
1467,TRUE,0,1,2
2891,TRUE,0,0,1
2478,TRUE,0,0,1
1070,TRUE,0,0,9
413,TRUE,0,4,4
2262,TRUE,0,0,5
2119,TRUE,1,0,2
352,TRUE,1,0,3
2193,FALSE,3,3,17
240,FALSE,2,6,36
1010,TRUE,2,1,3
469,FALSE,2,3,14
147,TRUE,0,0,4
209,FALSE,1,3,14
3185,TRUE,0,0,1
3584,TRUE,0,0,2
1925,FALSE,9,7,52
290,FALSE,1,4,7
1982,TRUE,0,0,2
1527,TRUE,0,0,2
751,TRUE,0,0,1
2673,TRUE,0,0,2
3433,FALSE,0,6,4
381,TRUE,1,0,4
62,FALSE,3,4,7
382,FALSE,19,28,158
2797,FALSE,8,12,29
2851,FALSE,6,17,65
1574,FALSE,5,5,46
2124,TRUE,1,0,1
444,TRUE,0,1,2
1819,FALSE,1,7,14
2801,TRUE,0,1,0
1769,FALSE,0,4,6
2427,TRUE,0,0,2
140,TRUE,0,0,2
3553,TRUE,0,0,1
2378,TRUE,0,1,5
1818,TRUE,0,0,7
363,TRUE,1,0,4
804,TRUE,0,1,0
2567,TRUE,0,1,6
2867,FALSE,18,8,76
1437,TRUE,1,0,0
2392,TRUE,0,0,1
1301,TRUE,1,1,7
2343,TRUE,0,0,29
2116,FALSE,11,15,98
522,TRUE,0,1,0
1009,FALSE,2,3,32
2865,TRUE,0,1,8
414,FALSE,1,3,6
2995,TRUE,0,1,0
3740,FALSE,0,3,7
3612,FALSE,1,4,5
348,TRUE,0,0,1
1434,FALSE,3,4,21
2061,TRUE,0,0,3
205,FALSE,1,3,18
2941,TRUE,1,1,2
1391,FALSE,4,8,21
2329,TRUE,0,0,1
3474,FALSE,15,19,106
3026,TRUE,0,0,1
1831,TRUE,2,1,3
2716,TRUE,0,0,1
2597,FALSE,3,3,6
2633,TRUE,0,0,3
3251,FALSE,4,4,17
882,TRUE,0,0,5
1942,TRUE,0,0,1
2249,TRUE,1,0,5
3404,FALSE,29,36,234
586,FALSE,1,5,5
2936,FALSE,0,3,17
1890,FALSE,1,3,12
3108,FALSE,1,4,10
328,TRUE,1,0,6
2928,TRUE,0,0,2
1564,FALSE,4,6,25
3129,FALSE,3,6,11
2245,TRUE,0,0,1
217,TRUE,0,1,1
2194,TRUE,0,0,2
3437,TRUE,1,0,0
2484,TRUE,0,0,8
2369,FALSE,7,6,35
2180,TRUE,0,0,1
266,TRUE,1,0,6
23,FALSE,2,3,7
1633,FALSE,0,4,9
910,TRUE,1,1,4
3719,FALSE,0,7,21
3386,TRUE,0,1,5
1624,TRUE,1,1,6
3217,TRUE,3,0,0
782,TRUE,0,1,7
719,TRUE,0,0,1
2285,TRUE,0,0,6
3348,TRUE,1,0,1
3347,TRUE,0,0,1
2756,TRUE,0,4,0
3202,TRUE,0,0,2
2081,FALSE,8,14,88
1884,TRUE,0,1,4
3562,TRUE,1,0,0
1525,FALSE,17,17,157
1157,TRUE,0,0,4
498,FALSE,2,4,4
1053,TRUE,0,0,1
1003,TRUE,0,0,1
419,FALSE,1,8,35
2439,TRUE,0,0,1
2321,TRUE,3,1,4
3267,FALSE,2,3,6
3166,FALSE,3,3,7
1714,TRUE,0,0,3
3606,FALSE,0,4,8
316,TRUE,1,1,5
1308,FALSE,2,5,24
2908,FALSE,0,5,9
730,TRUE,0,0,3
3576,TRUE,1,0,1
633,TRUE,0,1,6
3034,TRUE,0,0,1
2099,FALSE,1,3,7
1448,TRUE,1,1,4
518,TRUE,0,0,9
2753,TRUE,1,0,5
1713,TRUE,2,0,2
3285,TRUE,1,0,2
2663,TRUE,1,0,4
1515,TRUE,0,1,5
823,TRUE,0,1,0
864,TRUE,0,0,2
1756,TRUE,1,0,6
2647,FALSE,9,5,31
2845,FALSE,3,4,30
1497,FALSE,2,50,15
723,TRUE,0,0,4
1323,TRUE,0,0,4
1216,TRUE,0,0,5
339,TRUE,1,1,2
2132,TRUE,0,0,2
311,TRUE,1,0,0
2510,FALSE,275,67,973
1346,TRUE,0,0,1
985,FALSE,10,4,7
774,FALSE,0,5,5
393,TRUE,0,0,2
1934,TRUE,0,1,7
3591,TRUE,0,0,1
1979,TRUE,0,0,2
1757,TRUE,0,1,3
1877,TRUE,1,0,0
2935,TRUE,0,1,7
994,FALSE,4,4,14
3516,TRUE,0,0,6
1813,TRUE,0,0,1
3067,FALSE,3,4,10
477,TRUE,1,0,0
100,TRUE,1,0,1
3177,TRUE,0,0,3
139,FALSE,4,4,19
1438,TRUE,0,0,1
3037,TRUE,0,0,3
3133,TRUE,0,0,3
2779,TRUE,0,1,5
3353,FALSE,8,8,65
2790,TRUE,0,0,4
1315,FALSE,2,6,15
702,TRUE,0,0,5
1792,TRUE,0,0,2
379,TRUE,0,0,12
1230,TRUE,1,0,0
1731,TRUE,1,0,1
588,FALSE,0,3,8
2938,TRUE,1,0,4
2266,TRUE,0,0,1
2269,FALSE,12,7,98
762,FALSE,1,4,7
1747,FALSE,14,21,221
2721,TRUE,2,2,2
3538,TRUE,0,1,7
3674,TRUE,0,0,1
769,FALSE,1,4,15
1991,FALSE,81,94,664
1088,TRUE,0,0,101
90,TRUE,0,0,3
3329,TRUE,4,0,0
722,FALSE,2,8,24
169,FALSE,12,14,76
2106,FALSE,0,3,11
2943,FALSE,1,4,9
928,FALSE,1,3,30
3311,TRUE,1,0,0
3461,TRUE,0,0,4
1115,TRUE,0,1,4
695,TRUE,0,0,1
724,FALSE,13,11,77
1062,FALSE,3,4,8
295,TRUE,0,0,4
1993,TRUE,0,1,5
2445,TRUE,0,1,3
2192,FALSE,7,6,45
258,FALSE,0,3,7
2813,FALSE,1,3,6
2584,TRUE,0,0,1
121,FALSE,3,8,8
1035,TRUE,0,0,2
1960,FALSE,5,9,23
2498,TRUE,1,1,4
1621,TRUE,1,0,2
2656,TRUE,0,0,4
2575,TRUE,0,0,3
2684,FALSE,0,4,18
1287,FALSE,13,12,62
1815,FALSE,15,12,98
2940,TRUE,0,0,1
2556,TRUE,0,1,3
1042,FALSE,10,12,91
1704,TRUE,0,0,3
813,FALSE,7,4,23
662,TRUE,1,0,7
692,TRUE,0,2,2
3051,FALSE,2,8,16
3040,FALSE,3,6,8
1284,TRUE,0,0,1
1830,TRUE,1,0,4
1514,TRUE,0,0,7
330,FALSE,1,4,9
1320,TRUE,0,0,1
312,TRUE,0,0,5
1866,TRUE,0,0,1
3536,TRUE,0,0,1
234,TRUE,0,0,1
1906,FALSE,4,9,45
3408,TRUE,1,0,2
1274,TRUE,0,6,8
1950,FALSE,3,3,11
2988,TRUE,0,0,1
1941,TRUE,0,0,3
3152,TRUE,2,0,4
3270,FALSE,3,3,14
1611,TRUE,0,0,2
2095,TRUE,0,0,1
2200,TRUE,0,0,1
397,TRUE,2,0,0
3369,TRUE,0,0,8
176,TRUE,0,0,1
1824,TRUE,0,0,8
947,TRUE,0,0,2
2029,TRUE,0,1,1
2840,FALSE,0,3,8
949,TRUE,0,0,1
2412,TRUE,1,0,2
3727,TRUE,0,0,3
747,TRUE,0,4,1
2781,FALSE,1,3,6
128,TRUE,0,0,2
1685,TRUE,0,0,2
1601,TRUE,0,0,2
2431,FALSE,3,10,61
1579,TRUE,0,0,4
4,TRUE,0,1,4
1962,TRUE,1,0,1
3664,TRUE,0,0,1
591,TRUE,0,1,3
2328,TRUE,0,1,2
2117,FALSE,0,5,11
3167,FALSE,0,4,10
1300,FALSE,1,3,19
3313,FALSE,8,5,35
219,TRUE,0,0,4
748,TRUE,0,0,1
1654,TRUE,0,1,5
3390,FALSE,9,7,61
1445,TRUE,0,0,1
1041,TRUE,0,0,2
3367,FALSE,3,5,23
2499,FALSE,1,3,8
1741,TRUE,0,1,0
2221,TRUE,0,0,1
2570,FALSE,1,4,5
3109,TRUE,1,0,4
371,TRUE,0,0,2
471,TRUE,0,1,0
554,TRUE,2,0,3
429,TRUE,0,1,5
3029,TRUE,0,0,6
3585,FALSE,1,5,27
3749,FALSE,3,4,22
1503,FALSE,1,3,10
491,FALSE,5,5,35
1475,TRUE,0,0,3
3446,TRUE,0,0,3
2326,TRUE,0,0,3
2866,TRUE,0,0,3
2559,FALSE,2,6,9
3355,FALSE,1,3,17
1356,TRUE,2,0,3
3135,FALSE,11,22,83
639,TRUE,0,0,4
2088,TRUE,0,0,4
458,FALSE,0,5,9
56,TRUE,0,0,5
1693,FALSE,3,7,33
2257,FALSE,2,3,7
2114,FALSE,12,16,93
1643,TRUE,0,0,4
3052,TRUE,0,1,1
2341,FALSE,0,3,7
1056,TRUE,0,3,0
682,FALSE,2,6,21
3623,FALSE,0,5,13
996,TRUE,0,0,1
929,TRUE,0,3,5
3413,TRUE,0,0,1
2024,TRUE,0,0,2
3182,TRUE,0,1,3
307,TRUE,0,0,4
3080,FALSE,16,9,68
2214,TRUE,0,0,2
2374,TRUE,1,1,1
3422,TRUE,0,0,1
2005,FALSE,4,6,18
2338,FALSE,0,5,15
2682,TRUE,1,0,5
1322,FALSE,1,4,7
3487,TRUE,0,3,1
526,TRUE,0,0,2
2764,TRUE,0,6,3
2064,TRUE,0,0,15
1743,TRUE,1,2,4
3500,TRUE,1,0,8
3482,TRUE,0,0,1
793,TRUE,1,0,6
2907,TRUE,0,0,2
1076,TRUE,0,0,4
1920,TRUE,0,0,3
2017,TRUE,0,0,1
2623,TRUE,0,2,2
2873,TRUE,0,0,1
2335,TRUE,0,1,0
2110,TRUE,1,0,1
187,TRUE,1,1,1
70,FALSE,6,5,36
1444,FALSE,1,3,14
1338,FALSE,3,5,11
3522,TRUE,0,1,1
1416,TRUE,0,1,4
1112,TRUE,0,0,1
1245,TRUE,1,1,6
2959,FALSE,11,9,40
3257,TRUE,0,0,1
2910,FALSE,2,7,37
2576,TRUE,0,0,3
1638,FALSE,1,3,17
1927,FALSE,2,5,7
579,FALSE,0,5,11
1550,TRUE,0,0,1
1102,FALSE,4,6,28
1588,TRUE,0,0,2
3636,TRUE,0,0,1
2606,TRUE,1,0,0
1008,FALSE,2,7,15
3547,TRUE,0,0,2
787,TRUE,1,0,1
2225,FALSE,1,3,13
2950,TRUE,4,0,1
73,FALSE,2,6,10
1390,FALSE,2,6,7
3554,FALSE,10,12,72
3282,TRUE,0,2,7
2914,TRUE,0,0,2
1201,TRUE,0,1,1
1462,FALSE,1,5,10
764,TRUE,2,0,3
783,TRUE,1,0,0
3532,TRUE,0,0,2
2271,TRUE,0,0,1
2336,TRUE,0,0,1
848,FALSE,1,5,10
2956,TRUE,0,0,1
327,FALSE,4,4,17
1892,FALSE,0,4,18
3573,TRUE,0,1,0
2582,TRUE,0,0,1
3622,FALSE,2,4,6
570,FALSE,1,4,10
3061,FALSE,73,103,682
310,TRUE,0,0,5
2796,FALSE,1,3,16
1865,TRUE,0,0,2
3318,TRUE,0,0,2
934,FALSE,15,13,107
640,TRUE,0,0,3
3155,TRUE,16,0,0
3639,TRUE,1,0,0
1218,TRUE,0,0,3
1050,TRUE,0,1,6
115,FALSE,5,13,111
1192,TRUE,0,0,8
3151,FALSE,0,12,1
1869,TRUE,0,0,5
2884,TRUE,0,0,1
3309,FALSE,2,3,13
1885,TRUE,0,0,1
2736,FALSE,2,4,14
1649,TRUE,1,1,7
2755,FALSE,4,7,31
1847,TRUE,1,0,3
2065,TRUE,0,0,1
1536,TRUE,0,0,1
3219,TRUE,1,0,0
2473,TRUE,0,0,1
2282,FALSE,3,4,23
792,TRUE,1,1,7
2255,TRUE,0,0,2
247,FALSE,7,14,58
628,TRUE,0,0,7
1715,TRUE,0,0,4
2489,FALSE,0,3,11
2703,FALSE,1,4,6
801,FALSE,0,3,9
2816,TRUE,0,0,2
1364,FALSE,2,5,10
2210,TRUE,0,0,1
1219,FALSE,0,4,16
3048,FALSE,4,3,12
2832,TRUE,0,0,2
2129,FALSE,6,4,24
3176,FALSE,1,3,8
141,TRUE,0,0,8
3302,TRUE,0,0,3
2139,TRUE,0,0,1
2786,TRUE,0,0,3
2893,FALSE,14,25,124
3407,FALSE,3,3,10
1299,TRUE,0,0,2
3327,TRUE,0,0,2
2143,TRUE,0,0,1
17,TRUE,0,0,1
1759,TRUE,0,0,3
3563,FALSE,9,13,65
2788,TRUE,1,0,1
120,FALSE,1,3,9
3150,TRUE,0,0,1
1796,FALSE,1,6,23
2415,FALSE,4,5,36
1030,TRUE,0,1,5
1765,FALSE,1,3,16
1973,TRUE,1,1,0
1834,TRUE,0,0,3
3136,TRUE,0,1,7
2760,TRUE,0,0,1
3085,FALSE,1,3,7
1597,TRUE,1,1,2
1272,TRUE,0,0,1
941,TRUE,0,0,4
3323,TRUE,0,1,1
199,TRUE,0,0,2
597,TRUE,0,1,5
28,TRUE,0,0,8
1795,TRUE,0,0,2
3117,TRUE,0,1,1
2965,TRUE,1,1,1
710,TRUE,0,0,23
609,FALSE,1,4,9
436,TRUE,0,0,1
2471,TRUE,0,0,2
2669,TRUE,0,1,3
1618,TRUE,0,0,3
3724,FALSE,0,4,8
2809,FALSE,1,3,18
1986,TRUE,1,0,2
727,TRUE,0,0,42
3708,FALSE,1,4,42
3555,TRUE,2,1,3
415,FALSE,1,4,19
2777,TRUE,0,0,3
167,TRUE,0,0,2
3425,FALSE,4,8,25
909,FALSE,0,29,18
3352,FALSE,2,5,24
1964,FALSE,1,3,10
2911,TRUE,0,0,1
2501,TRUE,0,0,1
703,TRUE,0,0,1
231,TRUE,0,0,3
1361,TRUE,0,0,3
1382,TRUE,0,1,1
796,TRUE,0,0,4
79,TRUE,0,0,1
3162,TRUE,0,2,4
831,TRUE,0,0,1
818,FALSE,2,7,14
1616,TRUE,0,0,2
3221,FALSE,5,4,8
2543,TRUE,1,0,5
2613,FALSE,2,5,9
686,TRUE,0,0,3
957,TRUE,3,1,5
2725,TRUE,0,1,1
2916,TRUE,0,1,2
189,TRUE,1,1,0
1842,TRUE,0,0,2
1680,TRUE,1,0,1
3628,TRUE,0,0,1
2727,TRUE,0,0,1
3055,TRUE,1,0,7
52,FALSE,22,27,228
1134,FALSE,0,3,7
1278,TRUE,1,1,1
1023,TRUE,0,0,3
254,FALSE,1,4,8
2298,TRUE,1,0,2
2667,TRUE,0,1,7
2976,TRUE,0,0,2
3165,TRUE,0,0,7
2852,FALSE,1,4,11
817,FALSE,0,3,7
673,FALSE,1,8,76
582,FALSE,4,3,22
770,FALSE,0,3,7
2174,TRUE,0,0,1
2875,TRUE,1,0,1
2178,FALSE,1,5,8
1309,FALSE,1,4,5
1589,FALSE,0,3,17
3097,TRUE,0,0,4
369,TRUE,0,0,1
1665,TRUE,1,0,8
1452,TRUE,0,3,4
2481,TRUE,0,1,2
1172,TRUE,1,0,5
3544,FALSE,0,6,9
2204,TRUE,1,0,4
2456,TRUE,0,0,3
3290,FALSE,1,4,20
535,TRUE,1,0,0
2387,FALSE,4,10,39
3276,FALSE,0,4,16
1224,FALSE,0,5,5
3249,TRUE,0,1,0
1499,TRUE,1,0,4
2502,TRUE,0,1,1
2644,FALSE,6,10,35
2416,FALSE,7,7,70
1180,FALSE,7,10,93
3030,TRUE,1,2,5
651,TRUE,0,0,2
1348,TRUE,0,0,2
1698,TRUE,0,0,2
1637,TRUE,0,0,3
1352,TRUE,0,0,3
632,TRUE,1,0,0
2901,TRUE,1,0,7
3063,TRUE,0,1,3
43,FALSE,9,7,79
2051,TRUE,0,0,1
3056,FALSE,1,6,21
712,TRUE,0,0,3
67,TRUE,1,0,1
3301,FALSE,18,30,172
1562,TRUE,0,0,4
923,FALSE,1,3,6
2794,TRUE,0,0,1
903,TRUE,0,0,3
2981,FALSE,1,3,9
447,TRUE,0,1,3
2701,TRUE,0,1,4
200,TRUE,1,0,2
704,TRUE,0,3,5
548,FALSE,1,3,10
1367,TRUE,0,0,1
2749,TRUE,0,0,2
497,TRUE,0,0,5
1619,TRUE,0,0,1
502,TRUE,0,0,1
1558,TRUE,0,0,2
529,FALSE,5,3,12
2604,TRUE,0,0,7
2345,TRUE,0,0,2
3447,TRUE,1,1,3
556,FALSE,2,3,15
3387,TRUE,0,0,2
897,FALSE,1,4,14
511,FALSE,1,3,10
3050,TRUE,0,0,4
3204,FALSE,0,5,15
2523,TRUE,0,0,3
3397,TRUE,0,0,1
3668,TRUE,0,0,1
2496,TRUE,0,1,2
2987,TRUE,0,1,4
3645,TRUE,0,0,2
1166,TRUE,0,0,2
1506,TRUE,0,0,3
1148,FALSE,2,8,6
3415,TRUE,0,0,4
1519,TRUE,0,0,1
1092,TRUE,0,0,1
2551,TRUE,0,0,1
3224,TRUE,1,0,6
573,TRUE,0,0,5
250,TRUE,0,1,2
2002,TRUE,2,0,5
3183,FALSE,6,4,21
2668,TRUE,0,0,2
2642,FALSE,2,4,6
1401,TRUE,1,0,0
1024,FALSE,307,272,2672
1666,TRUE,1,0,0
851,TRUE,0,1,1
2702,TRUE,1,0,0
2945,TRUE,1,1,3
3486,TRUE,1,0,7
824,FALSE,0,5,9
2347,TRUE,0,0,2
1055,TRUE,1,0,2
3208,TRUE,1,0,2
463,TRUE,2,0,5
2520,FALSE,5,5,14
721,TRUE,0,0,1
3737,FALSE,4,22,6
1422,FALSE,4,6,28
2968,TRUE,2,2,2
1377,TRUE,0,0,9
2542,TRUE,1,0,0
2913,FALSE,0,4,16
1904,TRUE,0,0,1
756,TRUE,0,0,1
833,FALSE,0,4,6
1400,TRUE,0,2,6
2265,FALSE,19,27,173
3244,FALSE,0,3,16
3610,TRUE,1,0,6
1147,FALSE,5,6,13
1337,FALSE,2,4,10
3231,TRUE,0,0,1
3178,TRUE,0,0,3
3232,TRUE,0,2,0
559,FALSE,12,10,43
1046,FALSE,0,4,7
507,TRUE,0,0,1
322,TRUE,0,0,4
1863,FALSE,9,14,36
1966,FALSE,9,16,91
323,FALSE,0,4,6
349,TRUE,1,0,5
2380,TRUE,0,0,1
3188,TRUE,0,0,2
1403,TRUE,0,0,1
3682,FALSE,3,7,10
1179,FALSE,2,3,5
1794,TRUE,0,0,1
3223,FALSE,0,8,12
858,FALSE,3,7,11
2803,FALSE,3,4,5
3320,FALSE,1,3,10
3680,FALSE,1,7,27
2700,TRUE,3,0,6
3321,TRUE,0,0,2
2844,FALSE,2,4,8
1561,FALSE,2,6,29
171,TRUE,0,0,1
3571,TRUE,0,0,1
1994,TRUE,0,0,2
1614,TRUE,0,0,2
694,TRUE,1,0,1
3701,TRUE,0,0,1
2468,TRUE,0,0,1
1066,TRUE,0,1,0
1162,FALSE,0,3,11
2724,TRUE,0,0,1
1293,TRUE,0,1,4
1915,TRUE,1,0,0
2514,TRUE,1,0,1
812,FALSE,5,6,34
1870,TRUE,0,1,3
1334,TRUE,0,0,1
2288,TRUE,0,1,4
1014,FALSE,2,3,14
3038,TRUE,0,0,5
2228,TRUE,0,1,5
39,TRUE,0,1,5
2122,FALSE,2,6,29
1955,TRUE,1,0,5
76,TRUE,1,0,6
298,FALSE,1,4,8
1343,TRUE,0,1,1
1539,TRUE,0,1,2
2692,TRUE,2,1,4
152,FALSE,6,7,45
1419,TRUE,0,0,2
2351,FALSE,50,3,4
1625,FALSE,0,3,10
3625,TRUE,0,0,9
1114,FALSE,0,5,10
1222,FALSE,2,4,9
2917,TRUE,0,0,4
2311,TRUE,1,1,3
2090,TRUE,0,0,12
1791,FALSE,1,4,19
1657,TRUE,0,0,3
1360,FALSE,2,7,23
2243,FALSE,2,3,5
1846,TRUE,0,0,2
1744,TRUE,0,0,7
2331,TRUE,0,0,2
2766,FALSE,0,4,7
1458,FALSE,0,3,9
2898,TRUE,1,0,6
3716,FALSE,0,3,9
31,TRUE,1,2,3
2843,TRUE,0,0,1
544,FALSE,2,6,18
238,TRUE,0,0,3
3194,TRUE,1,0,1
1701,TRUE,0,0,1
670,TRUE,0,0,1
611,TRUE,1,0,1
1835,TRUE,0,0,4
3298,FALSE,1,3,42
122,TRUE,1,0,5
3506,TRUE,0,0,1
3062,TRUE,0,1,6
1375,FALSE,5,10,53
3466,TRUE,0,1,1
3733,FALSE,1,6,119
3384,FALSE,0,5,31
2358,FALSE,3,5,18
1476,TRUE,2,0,3
387,TRUE,0,0,8
223,FALSE,1,5,6
775,FALSE,0,6,10
3650,TRUE,0,0,1
1999,TRUE,0,1,1
2868,TRUE,0,1,3
3278,TRUE,3,1,3
2136,FALSE,2,3,8
3044,TRUE,0,0,2
2316,TRUE,0,0,2
3637,FALSE,2,3,8
3021,TRUE,0,0,16
643,TRUE,3,0,0
1749,TRUE,0,1,0
1559,TRUE,0,1,1
3434,TRUE,0,1,1
2020,FALSE,1,4,8
1907,FALSE,2,3,11
1677,TRUE,1,0,7
1349,FALSE,6,4,48
807,FALSE,2,5,8
65,FALSE,5,7,20
1839,FALSE,2,3,11
854,TRUE,1,0,0
2971,TRUE,0,0,2
2166,FALSE,1,4,8
690,FALSE,11,16,141
1368,TRUE,0,0,1
474,TRUE,1,1,7
1584,TRUE,1,0,0
202,TRUE,0,0,1
2466,TRUE,0,4,5
2846,TRUE,0,0,4
981,TRUE,1,0,0
2548,FALSE,4,12,59
1632,TRUE,1,1,1
2860,TRUE,1,0,7
1735,TRUE,0,0,1
3364,TRUE,0,1,2
948,TRUE,0,0,1
2579,TRUE,0,0,2
2087,FALSE,3,4,20
496,TRUE,0,0,1
621,FALSE,2,9,9
2977,TRUE,0,0,4
2009,FALSE,0,3,10
2424,TRUE,0,0,2
3226,TRUE,0,0,1
734,TRUE,0,0,1
500,TRUE,0,1,0
3180,FALSE,0,5,8
3098,FALSE,1,3,36
1132,FALSE,3,7,16
2628,FALSE,10,17,710
2661,FALSE,2,8,39
2578,TRUE,0,1,5
3339,FALSE,1,5,12
2838,FALSE,5,10,48
3160,FALSE,0,3,11
2441,FALSE,0,3,8
2557,FALSE,2,9,36
530,FALSE,3,6,23
2708,TRUE,0,0,1
3539,FALSE,1,5,5
642,TRUE,0,0,1
3262,FALSE,1,5,35
2105,FALSE,2,6,17
1273,TRUE,0,2,4
2407,FALSE,0,6,10
3324,TRUE,0,0,2
2982,FALSE,1,3,7
2805,TRUE,0,0,1
2363,TRUE,0,0,3
501,TRUE,0,2,4
2450,TRUE,0,0,2
2073,TRUE,1,1,2
1220,FALSE,0,4,25
568,FALSE,1,4,5
1669,TRUE,0,0,1
432,TRUE,0,0,6
3195,TRUE,0,0,4
1652,FALSE,2,4,19
3656,FALSE,9,14,72
3100,TRUE,1,0,1
3006,TRUE,1,0,0
1829,TRUE,0,0,1
604,FALSE,4,14,44
1002,FALSE,13,13,117
383,TRUE,0,0,1
1691,TRUE,0,1,3
3366,TRUE,1,1,3
1243,TRUE,0,1,2
2199,FALSE,2,4,12
1442,FALSE,3,4,18
1580,FALSE,0,9,10
2317,TRUE,0,2,2
2007,TRUE,1,0,1
961,FALSE,5,6,52
2156,TRUE,0,0,2
1291,TRUE,0,0,4
3146,TRUE,0,0,1
2452,TRUE,0,1,0
1159,FALSE,2,3,18
221,TRUE,0,0,6
2930,TRUE,0,0,2
1543,TRUE,0,1,4
340,TRUE,0,1,2
902,FALSE,0,6,5
2340,TRUE,0,0,1
3420,TRUE,1,0,3
576,FALSE,1,4,13
15,TRUE,0,1,1
881,TRUE,0,0,1
255,TRUE,0,0,1
1473,TRUE,0,0,2
2590,TRUE,0,0,2
1788,TRUE,0,1,0
2233,TRUE,2,0,2
2402,FALSE,0,3,9
3379,FALSE,0,5,13
3511,TRUE,0,0,2
2574,FALSE,10,16,100
297,FALSE,0,10,6
624,TRUE,1,1,4
3175,FALSE,1,7,16
663,TRUE,0,0,3
49,FALSE,1,5,4
3432,TRUE,1,0,3
32,TRUE,0,1,3
2621,TRUE,0,0,1
1922,TRUE,0,0,4
1454,TRUE,0,0,1
375,TRUE,0,1,5
2469,FALSE,1,6,5
3011,TRUE,0,0,1
2138,TRUE,0,1,6
3497,TRUE,3,0,2
3523,FALSE,1,5,16
2085,TRUE,1,0,6
351,TRUE,0,0,14
1705,FALSE,0,3,9
3096,TRUE,0,0,4
952,TRUE,0,0,1
619,FALSE,0,3,11
1121,TRUE,0,1,5
1398,FALSE,7,14,50
2942,TRUE,0,0,2
1397,FALSE,1,3,13
2187,TRUE,0,1,3
3300,FALSE,1,4,6
3665,TRUE,2,1,1
1587,TRUE,0,0,1
2463,TRUE,0,0,1
3303,TRUE,0,0,1
1599,TRUE,0,0,1
3338,TRUE,0,0,1
2018,FALSE,0,4,6
876,TRUE,0,0,5
44,TRUE,0,0,5
1244,TRUE,0,0,2
3172,TRUE,0,0,1
291,FALSE,10,13,71
760,TRUE,1,0,2
3647,TRUE,0,0,1
2742,TRUE,0,3,2
2537,FALSE,1,6,24
2477,TRUE,0,1,1
256,TRUE,0,0,1
2016,FALSE,2,4,11
3507,TRUE,0,1,3
283,TRUE,1,1,7
891,FALSE,2,6,26
3480,TRUE,0,0,1
182,TRUE,0,0,1
3635,TRUE,0,1,1
143,TRUE,1,0,5
814,TRUE,0,1,6
2250,TRUE,0,0,3
2480,TRUE,0,0,3
3091,FALSE,0,5,15
1893,FALSE,0,5,11
2366,TRUE,0,0,8
3123,TRUE,0,1,5
1607,TRUE,1,0,8
1154,TRUE,1,0,4
887,TRUE,0,0,1
2592,TRUE,0,1,8
2077,TRUE,0,0,2
2886,TRUE,0,0,1
3382,FALSE,2,5,12
1938,TRUE,1,0,2
2815,TRUE,0,0,2
2318,TRUE,0,0,2
3229,TRUE,0,1,5
251,TRUE,0,0,2
1509,TRUE,0,0,1
1061,TRUE,0,1,2
3689,TRUE,0,1,1
3700,TRUE,0,0,1
3745,TRUE,0,0,2
3613,FALSE,4,3,9
1342,FALSE,2,3,10
2170,TRUE,0,0,4
265,TRUE,2,1,6
1336,TRUE,0,1,4
1867,TRUE,0,0,1
963,TRUE,0,0,1
1144,FALSE,2,6,18
1622,FALSE,4,10,31
3393,FALSE,0,6,10
3705,TRUE,1,0,6
795,TRUE,1,0,3
2531,FALSE,2,3,6
3643,TRUE,0,0,2
3616,TRUE,0,0,1
1417,TRUE,0,0,2
1040,TRUE,0,1,1
2213,TRUE,0,0,4
1347,FALSE,2,4,14
499,TRUE,0,1,8
53,FALSE,24,25,166
3130,TRUE,0,1,4
741,FALSE,0,3,12
2850,FALSE,5,9,31
3113,FALSE,1,3,13
1505,TRUE,1,1,1
1325,TRUE,0,0,3
2100,FALSE,2,6,21
3416,TRUE,0,0,1
862,TRUE,2,3,3
1902,TRUE,0,0,1
364,TRUE,1,0,4
2188,FALSE,7,8,32
215,TRUE,1,0,0
3042,FALSE,29,22,208
2881,FALSE,2,3,10
1048,TRUE,0,1,2
1191,FALSE,1,4,5
2339,TRUE,0,0,1
3611,TRUE,0,0,1
931,TRUE,0,1,4
1474,FALSE,6,3,18
2515,TRUE,1,2,5
1623,TRUE,0,1,0
54,TRUE,0,2,2
3334,TRUE,0,0,2
358,TRUE,1,0,1
3149,TRUE,0,1,1
2871,TRUE,0,0,1
3274,FALSE,2,4,8
3443,TRUE,0,0,1
3328,FALSE,1,5,15
3666,FALSE,0,3,9
3457,FALSE,1,4,7
844,TRUE,1,1,2
1720,TRUE,0,0,2
2304,FALSE,6,12,52
2393,FALSE,0,3,9
1410,TRUE,0,0,1
2622,TRUE,1,0,0
3071,FALSE,1,5,6
3535,TRUE,0,0,1
799,TRUE,0,0,1
1582,FALSE,3,7,31
2654,FALSE,1,3,7
1067,FALSE,3,5,41
3419,FALSE,9,8,42
3631,FALSE,6,4,19
245,FALSE,2,3,7
3291,TRUE,1,0,0
689,TRUE,2,0,5
16,FALSE,0,5,7
1311,TRUE,0,0,2
1426,FALSE,4,7,65
2190,TRUE,0,0,3
705,FALSE,1,4,14
811,TRUE,0,0,2
2008,TRUE,0,2,4
681,FALSE,25,27,194
879,FALSE,8,16,69
777,TRUE,0,0,3
1540,TRUE,1,0,5
2762,TRUE,2,0,0
1137,TRUE,0,1,3
492,TRUE,0,0,2
2091,TRUE,0,0,1
1071,TRUE,0,1,3
3186,FALSE,4,9,50
1656,FALSE,5,5,32
3638,TRUE,0,0,1
2103,TRUE,1,0,0
2657,TRUE,0,0,1
1435,TRUE,0,0,1
816,FALSE,7,6,28
196,FALSE,1,3,10
2558,FALSE,1,3,9
462,TRUE,0,0,1
955,TRUE,1,0,8
60,FALSE,3,7,31
3073,TRUE,0,0,6
2735,TRUE,0,0,3
1470,FALSE,3,4,27
428,TRUE,0,0,2
2694,TRUE,0,0,1
3237,TRUE,1,1,2
13,FALSE,12,9,71
151,FALSE,3,8,29
1995,TRUE,0,0,7
1943,TRUE,0,0,2
761,TRUE,1,0,6
2903,TRUE,0,0,5
476,TRUE,0,0,6
2634,TRUE,0,1,0
3215,TRUE,0,0,1
153,TRUE,0,2,3
3234,FALSE,3,6,29
2571,TRUE,1,0,4
913,TRUE,1,0,2
1217,TRUE,0,0,3
1667,TRUE,0,1,2
2373,TRUE,0,0,3
2671,TRUE,0,1,1
1764,TRUE,2,0,0
627,TRUE,0,0,1
2093,FALSE,1,4,11
3503,TRUE,0,0,3
2290,FALSE,7,14,71
1879,TRUE,1,0,4
620,FALSE,3,4,29
184,TRUE,0,0,1
2561,TRUE,0,0,6
866,FALSE,3,6,31
870,TRUE,1,0,3
1000,TRUE,0,0,4
1236,TRUE,0,0,1
1294,TRUE,0,1,5
2754,FALSE,0,7,5
3579,FALSE,26,41,221
3632,TRUE,0,1,4
3128,TRUE,0,1,2
2368,TRUE,1,0,3
3125,TRUE,0,0,1
666,TRUE,1,1,0
1080,TRUE,1,0,7
3009,TRUE,0,1,4
3025,TRUE,0,1,4
1110,TRUE,0,0,4
3374,TRUE,0,1,4
3438,TRUE,1,0,3
2655,FALSE,4,5,33
3361,TRUE,0,0,6
708,FALSE,0,3,7
513,TRUE,0,0,2
3389,FALSE,3,4,9
3057,TRUE,0,0,1
986,TRUE,0,0,3
126,TRUE,1,1,7
740,TRUE,0,0,2
2482,TRUE,1,1,5
1670,FALSE,0,3,11
917,TRUE,1,0,0
208,TRUE,0,0,2
2906,TRUE,0,0,2
263,TRUE,0,0,5
1093,TRUE,0,0,3
1341,TRUE,0,0,1
973,TRUE,0,0,1
644,FALSE,0,3,10
198,TRUE,0,1,1
2281,TRUE,0,1,2
1208,TRUE,0,1,7
674,FALSE,9,23,63
3587,FALSE,1,4,36
2524,TRUE,1,0,3
1052,FALSE,1,3,7
2052,FALSE,8,6,49
968,TRUE,1,0,1
546,TRUE,1,0,4
2550,TRUE,1,1,0
1500,TRUE,0,0,5
1980,TRUE,0,0,5
3617,TRUE,0,1,0
2308,FALSE,0,3,8
3739,TRUE,0,0,1
693,FALSE,1,5,24
2686,TRUE,2,0,5
1639,FALSE,3,6,20
2111,FALSE,21,24,147
3294,TRUE,0,0,1
2757,TRUE,0,1,6
1530,TRUE,0,1,2
873,TRUE,0,0,2
1104,FALSE,0,5,6
2541,FALSE,2,3,10
270,TRUE,0,0,1
2536,FALSE,12,16,95
3305,TRUE,0,0,1
742,FALSE,0,5,10
1967,FALSE,4,5,25
1045,FALSE,3,4,21
3173,TRUE,0,1,0
3505,TRUE,0,0,5
2508,TRUE,0,0,3
589,TRUE,1,1,5
2344,FALSE,0,3,7
920,TRUE,0,0,2
2437,FALSE,0,4,13
972,FALSE,2,3,6
3683,FALSE,1,6,13
2195,FALSE,1,3,6
372,TRUE,0,0,4
3464,TRUE,1,0,0
385,FALSE,1,3,8
2149,FALSE,1,3,6
1909,TRUE,0,0,1
2071,FALSE,4,8,25
2581,FALSE,4,4,28
85,FALSE,6,10,50
3403,TRUE,0,0,1
3159,FALSE,0,4,11
1956,TRUE,0,0,4
75,FALSE,34,51,345
977,TRUE,0,0,7
2974,TRUE,1,1,7
1844,FALSE,1,5,11
3748,FALSE,6,7,37
829,FALSE,0,6,12
2743,FALSE,0,3,12
285,TRUE,0,1,6
3081,TRUE,0,0,4
583,FALSE,14,11,115
3478,TRUE,1,0,7
3693,TRUE,0,0,5
1989,TRUE,0,0,5
160,FALSE,0,4,6
1490,TRUE,0,0,5
201,FALSE,1,3,7
2449,TRUE,0,0,1
697,FALSE,2,6,10
2231,TRUE,0,0,2
2722,FALSE,1,3,6
460,TRUE,0,0,12
179,FALSE,2,6,23
1089,TRUE,0,0,2
919,TRUE,0,1,4
3456,TRUE,0,0,1
1804,FALSE,2,7,37
1255,FALSE,2,7,12
3614,TRUE,30,0,0
645,FALSE,1,4,8
665,TRUE,0,0,3
1481,FALSE,0,6,11
3485,FALSE,0,6,8
227,TRUE,0,1,5
2305,TRUE,0,0,8
1868,FALSE,3,6,27
2403,TRUE,0,0,2
1183,FALSE,5,4,13
101,FALSE,3,7,16
408,TRUE,1,0,1
98,FALSE,0,3,10
246,TRUE,0,0,1
1609,TRUE,0,0,7
528,TRUE,0,2,2
1742,TRUE,0,2,4
3546,TRUE,0,0,2
1001,TRUE,1,0,4
551,TRUE,1,0,4
2,TRUE,1,0,1
1822,TRUE,1,0,7
494,FALSE,4,4,11
2888,FALSE,1,4,22
524,TRUE,1,0,0
3479,FALSE,1,3,24
2989,TRUE,0,0,1
821,TRUE,0,0,3
2831,FALSE,2,6,21
1195,TRUE,0,1,1
353,FALSE,18,23,157
124,TRUE,0,0,1
420,TRUE,0,2,5
1672,TRUE,0,0,8
2362,TRUE,0,0,2
791,TRUE,0,0,165
2220,FALSE,1,6,48
1494,TRUE,0,0,1
1242,FALSE,2,6,14
2962,FALSE,3,4,24
2924,TRUE,0,0,4
3663,TRUE,1,0,3
431,TRUE,0,0,1
2734,FALSE,5,5,20
1571,TRUE,1,1,6
2031,TRUE,0,0,1
401,TRUE,0,0,1
2455,TRUE,0,0,1
956,TRUE,0,1,0
1903,FALSE,36,6,39
1366,FALSE,16,24,171
1441,FALSE,81,56,548
345,FALSE,0,9,32
1097,FALSE,1,5,10
3723,TRUE,2,1,3
612,FALSE,9,7,48
3273,TRUE,0,0,1
441,TRUE,0,2,4
886,TRUE,2,1,5
1129,TRUE,0,0,2
1449,FALSE,1,3,17
1108,TRUE,1,2,4
832,TRUE,0,1,1
1492,TRUE,0,1,4
2364,TRUE,0,0,3
2615,TRUE,0,0,2
1872,TRUE,1,0,6
1963,FALSE,1,4,14
2949,TRUE,2,0,5
3552,TRUE,0,0,1
1126,TRUE,0,0,4
1851,TRUE,0,1,1
3619,FALSE,16,10,113
3143,FALSE,4,5,16
112,FALSE,0,4,10
2069,TRUE,0,0,4
3417,TRUE,2,1,4
1620,FALSE,1,4,11
1833,FALSE,1,4,10
2299,TRUE,1,0,3
1151,TRUE,0,2,0
1450,TRUE,0,0,2
281,FALSE,4,7,43
3308,TRUE,0,0,3
2817,FALSE,3,4,6
754,FALSE,8,7,15
2451,TRUE,0,0,2
1357,TRUE,0,0,8
2458,FALSE,1,7,25
914,TRUE,0,1,4
1945,TRUE,0,3,6
550,FALSE,1,5,9
119,TRUE,2,0,7
685,FALSE,7,8,26
610,FALSE,65,73,576
1395,TRUE,0,0,1
2076,TRUE,0,0,2
2346,TRUE,0,0,3
2691,TRUE,0,0,2
2483,TRUE,1,0,7
939,TRUE,0,0,1
418,TRUE,0,1,4
2356,TRUE,0,1,0
1057,FALSE,0,5,7
3358,TRUE,1,0,2
560,TRUE,1,0,1
3653,TRUE,0,0,7
3164,FALSE,1,5,10
3721,FALSE,3,6,34
1424,TRUE,0,0,4
2869,TRUE,1,1,4
1087,FALSE,4,5,88
629,TRUE,0,1,2
2741,TRUE,2,1,4
1388,FALSE,0,3,12
2377,TRUE,1,0,3
2216,FALSE,1,7,13
1485,TRUE,0,0,9
3157,TRUE,1,0,1
788,FALSE,1,3,6
2263,TRUE,0,0,1
1150,TRUE,0,0,4
1696,TRUE,0,0,2
2587,TRUE,1,1,5
1486,FALSE,0,4,9
2237,TRUE,0,0,3
89,TRUE,1,1,1
1661,TRUE,0,0,3
461,FALSE,10,5,49
1037,TRUE,0,1,8
1379,TRUE,1,0,8
1383,TRUE,0,0,3
2782,FALSE,0,7,10
2448,FALSE,1,5,22
3551,FALSE,8,17,128
2706,TRUE,0,0,1
108,FALSE,1,5,8
2447,TRUE,1,1,2
1823,TRUE,0,14,0
2662,FALSE,0,4,10
2279,FALSE,13,19,112
430,TRUE,0,0,3
3008,FALSE,2,6,48
417,FALSE,1,5,12
2038,TRUE,0,0,2
3203,TRUE,0,1,4
337,FALSE,4,6,16
1716,FALSE,23,13,114
966,TRUE,0,2,0
2857,FALSE,1,3,27
3561,FALSE,0,4,6
1440,TRUE,0,0,2
615,FALSE,1,4,11
248,FALSE,6,6,22
1431,TRUE,1,0,2
2752,TRUE,0,1,5
1560,FALSE,1,9,22
935,TRUE,1,0,6
3120,FALSE,1,4,5
1075,FALSE,1,5,8
1739,TRUE,0,1,2
282,TRUE,0,0,3
646,TRUE,0,0,74
148,FALSE,0,6,7
2568,TRUE,0,0,4
1959,FALSE,0,4,6
1483,TRUE,2,1,4
2418,TRUE,4,0,5
14,TRUE,0,0,4
521,TRUE,0,0,3
3017,FALSE,2,5,32
2248,FALSE,3,3,12
739,FALSE,3,4,11
767,TRUE,0,1,2
2215,TRUE,0,0,9
2414,FALSE,2,5,7
2905,TRUE,0,0,1
3424,TRUE,0,0,1
3373,FALSE,0,6,5
93,TRUE,0,0,3
2302,TRUE,0,1,2
894,FALSE,0,4,13
1271,FALSE,2,6,25
483,TRUE,1,0,2
3706,FALSE,2,3,7
3340,TRUE,0,0,1
900,FALSE,1,5,10
937,TRUE,0,0,1
2284,FALSE,2,4,10
1266,FALSE,1,3,6
1737,FALSE,3,6,30
2922,TRUE,2,0,4
123,TRUE,0,0,1
6,TRUE,1,1,3
1167,FALSE,8,3,36
1568,TRUE,0,0,2
3601,TRUE,0,0,1
2761,FALSE,1,6,11
261,TRUE,1,0,5
869,TRUE,0,1,2
40,FALSE,4,3,11
906,TRUE,1,3,2
1875,TRUE,0,0,1
357,TRUE,0,0,1
755,FALSE,13,21,130
2323,TRUE,0,3,2
305,TRUE,2,1,5
2013,TRUE,0,1,2
1733,TRUE,0,0,2
820,TRUE,0,0,2
738,TRUE,0,0,5
1528,TRUE,0,1,5
1267,TRUE,0,0,2
581,TRUE,0,0,2
3652,TRUE,0,0,2
3428,FALSE,0,5,14
427,TRUE,0,3,5
272,FALSE,3,10,44
3626,FALSE,0,3,7
1921,TRUE,0,0,4
329,FALSE,0,3,12
2023,TRUE,0,0,2
1703,TRUE,0,0,2
74,TRUE,0,0,3
3709,FALSE,0,4,8
411,TRUE,2,0,0
2276,TRUE,1,0,6
3711,TRUE,0,0,5
1163,TRUE,1,0,8
2554,TRUE,0,1,6
289,FALSE,0,5,22
3750,TRUE,0,3,1
3383,TRUE,0,0,1
1304,TRUE,1,1,6
660,TRUE,1,1,7
2528,FALSE,5,13,59
59,TRUE,0,0,6
1141,FALSE,0,3,8
1335,TRUE,1,1,7
1608,TRUE,0,0,7
845,TRUE,0,0,5
1275,TRUE,0,0,2
271,TRUE,0,0,3
753,FALSE,4,7,57
2714,TRUE,1,0,1
1461,FALSE,8,10,61
355,TRUE,0,2,0
3395,TRUE,0,0,4
97,TRUE,2,0,6
1279,FALSE,0,8,4
678,TRUE,0,0,1
1095,TRUE,0,0,4
2895,FALSE,1,6,23
1753,FALSE,1,3,6
2037,TRUE,0,1,5
300,FALSE,0,3,11
1101,TRUE,0,1,5
1277,TRUE,0,2,2
2010,TRUE,1,0,0
3024,TRUE,0,0,1
717,TRUE,9,0,17
1746,TRUE,2,1,6
2611,TRUE,2,0,0
1405,TRUE,3,0,5
2572,TRUE,1,0,2
2292,TRUE,1,0,2
2849,TRUE,0,0,2
3410,FALSE,1,5,9
587,FALSE,33,47,552
993,FALSE,5,7,75
2883,TRUE,1,0,0
1350,TRUE,2,1,3
3359,TRUE,1,0,0
865,FALSE,1,5,12
118,TRUE,0,0,1
2435,FALSE,0,3,14
3627,TRUE,0,0,2
1663,TRUE,0,0,1
213,TRUE,0,0,3
1340,TRUE,0,0,1
96,TRUE,0,0,2
1239,TRUE,0,0,2
25,TRUE,0,0,2
2230,FALSE,0,4,9
3654,TRUE,0,0,4
819,TRUE,0,0,7
2802,FALSE,2,8,37
3471,FALSE,0,4,11
2645,FALSE,1,3,10
1592,FALSE,0,4,18
1156,TRUE,0,0,5
2512,TRUE,1,1,3
1466,FALSE,2,7,27
3518,TRUE,0,0,30
368,TRUE,0,0,2
1908,FALSE,0,3,12
3116,FALSE,7,11,66
1929,TRUE,0,0,2
470,TRUE,2,0,7
1495,FALSE,1,4,20
691,TRUE,0,0,2
1594,TRUE,0,0,2
83,TRUE,0,0,1
392,FALSE,0,3,8
1429,TRUE,0,0,1
616,TRUE,0,1,7
3483,TRUE,0,0,1
2778,TRUE,0,0,1
1931,FALSE,1,6,16
2652,TRUE,0,0,1
2555,FALSE,4,6,28
2035,TRUE,0,0,1
2365,TRUE,0,0,4
3187,TRUE,0,0,2
3489,FALSE,6,7,33
2436,TRUE,0,2,5
1193,TRUE,2,0,7
2636,FALSE,2,5,14
2549,FALSE,0,3,8
2372,TRUE,0,0,1
613,FALSE,0,6,14
983,TRUE,0,2,0
1389,TRUE,0,0,1
1683,FALSE,1,4,11
230,TRUE,0,0,2
396,TRUE,1,0,1
117,FALSE,4,6,33
2127,TRUE,0,3,4
2681,TRUE,0,0,2
2352,TRUE,0,0,1
2492,TRUE,1,0,8
1626,FALSE,3,6,7
2885,TRUE,2,0,5
360,TRUE,0,0,2
2048,FALSE,1,5,5
2235,TRUE,1,1,2
2001,TRUE,0,0,1
1468,TRUE,0,0,2
835,TRUE,0,0,1
888,TRUE,1,0,5
3624,FALSE,4,5,17
2236,TRUE,0,0,1
714,TRUE,0,0,8
2442,FALSE,7,8,44
997,FALSE,2,7,21
687,FALSE,3,6,20
1826,TRUE,0,0,1
488,FALSE,53,64,422
3448,TRUE,0,0,2
650,FALSE,0,5,7
2738,FALSE,1,3,7
1463,TRUE,0,1,2
1232,TRUE,1,0,0
688,TRUE,2,1,1
3710,TRUE,0,0,1
1790,FALSE,1,3,8
3583,FALSE,3,9,32
1491,TRUE,1,0,8
1170,TRUE,1,0,0
790,TRUE,1,0,0
1911,FALSE,3,7,19
144,FALSE,3,5,42
1883,TRUE,1,0,0
2021,TRUE,2,0,6
1186,TRUE,0,0,7
1310,TRUE,0,0,1
3531,FALSE,9,14,135
12,TRUE,0,0,1
1345,FALSE,2,3,6
536,TRUE,0,1,6
3741,TRUE,0,0,1
2564,FALSE,27,29,241
237,TRUE,0,0,5
374,TRUE,0,0,1
2986,TRUE,0,0,3
2495,FALSE,1,5,21
2401,TRUE,0,1,1
2996,TRUE,1,0,2
1477,FALSE,6,9,61
1249,FALSE,0,4,10
2254,FALSE,8,27,43
136,FALSE,44,51,56
3427,FALSE,17,19,87
2653,FALSE,0,3,14
2863,FALSE,0,5,6
1615,TRUE,0,0,2
1923,FALSE,1,3,10
2426,TRUE,0,0,4
713,FALSE,1,4,7
2102,TRUE,1,0,1
3012,TRUE,1,0,7
540,FALSE,2,5,13
3691,FALSE,4,4,10
1155,TRUE,0,0,2
2921,FALSE,3,3,4
1,FALSE,0,4,9
2540,FALSE,0,3,15
3405,TRUE,0,2,1
3102,TRUE,0,0,3
1298,TRUE,0,1,5
3022,FALSE,1,4,7
1285,FALSE,0,3,8
699,FALSE,5,6,37
2836,TRUE,1,0,1
1313,TRUE,1,1,3
472,FALSE,0,3,8
1555,FALSE,4,7,20
3316,TRUE,0,1,5
2465,FALSE,0,5,6
359,TRUE,0,0,4
1385,TRUE,0,0,2
252,FALSE,12,16,89
998,TRUE,0,0,3
2252,TRUE,0,0,4
3436,FALSE,1,5,8
1122,FALSE,2,3,14
3375,FALSE,1,3,32
1646,TRUE,1,1,4
1005,TRUE,0,0,2
3671,FALSE,0,4,8
3206,TRUE,0,0,5
3462,TRUE,0,0,4
2264,FALSE,3,5,31
1116,FALSE,1,5,15
3441,TRUE,0,0,2
376,TRUE,0,0,3
1629,TRUE,1,0,4
743,FALSE,1,3,9
1803,FALSE,0,5,14
2486,FALSE,13,10,21
3207,TRUE,0,1,3
715,FALSE,4,6,29
776,TRUE,1,1,4
2420,TRUE,0,0,6
2120,TRUE,0,1,5
1378,TRUE,2,0,4
926,FALSE,2,6,9
2705,TRUE,0,0,1
987,TRUE,0,0,1
733,TRUE,0,1,2
1874,TRUE,0,0,1
2049,FALSE,0,3,8
2795,TRUE,0,0,7
3346,FALSE,0,5,12
3286,FALSE,1,4,7
1135,TRUE,0,0,1
478,TRUE,0,0,3
1303,FALSE,1,4,9
2101,TRUE,0,0,6
2799,TRUE,1,0,5
916,TRUE,0,0,3
3220,FALSE,27,23,204
1845,FALSE,2,6,13
2270,TRUE,0,0,4
1198,FALSE,5,14,46
2226,TRUE,0,0,4
2394,TRUE,1,0,0
2183,TRUE,0,1,2
786,TRUE,0,1,8
1533,FALSE,1,5,10
510,TRUE,1,0,3
2648,FALSE,5,9,41
181,FALSE,0,6,8
2698,TRUE,0,0,1
3132,TRUE,0,0,6
3168,TRUE,0,0,3
2750,TRUE,0,0,36
127,TRUE,1,0,1
1924,FALSE,1,3,6
197,FALSE,1,3,12
2800,TRUE,0,1,6
1250,TRUE,0,0,1
1534,TRUE,0,0,4
3284,FALSE,0,3,7
2036,TRUE,0,0,1
2198,FALSE,4,6,27
701,TRUE,0,1,4
1610,TRUE,0,0,1
2812,TRUE,0,0,2
1659,FALSE,1,3,8
46,FALSE,79,72,247
377,TRUE,0,0,1
1630,TRUE,1,0,4
2419,TRUE,0,1,2
1553,FALSE,5,9,43
569,TRUE,0,0,1
2191,FALSE,8,7,48
2058,TRUE,0,0,2
3401,FALSE,0,4,8
1727,TRUE,0,0,4
3569,FALSE,4,8,16
3281,FALSE,2,5,49
2417,TRUE,0,1,6
3289,TRUE,1,1,5
2602,FALSE,1,6,20
3236,TRUE,0,0,6
2032,TRUE,1,0,2
1351,FALSE,7,11,45
3058,TRUE,0,1,1
3713,TRUE,0,0,8
911,FALSE,21,10,53
403,TRUE,1,0,0
927,FALSE,0,5,22
2168,TRUE,1,0,2
2500,TRUE,0,0,2
2382,TRUE,1,0,1
1185,TRUE,0,0,4
1446,FALSE,4,8,56
162,TRUE,0,0,8
2858,TRUE,0,0,1
445,TRUE,0,0,1
1573,FALSE,1,4,15
2689,TRUE,0,2,5
3254,FALSE,3,10,60
3121,TRUE,1,2,4
842,FALSE,1,5,12
3007,FALSE,1,5,21
3337,FALSE,0,3,8
2019,FALSE,0,5,7
1583,TRUE,0,0,1
3376,FALSE,2,8,21
943,TRUE,0,0,1
2823,FALSE,1,3,6
3169,TRUE,0,0,1
608,FALSE,0,3,30
1521,TRUE,0,1,1
275,FALSE,1,4,7
2904,TRUE,1,0,5
1362,TRUE,0,0,2
443,FALSE,0,3,7
2319,TRUE,0,0,1
2637,FALSE,6,7,28
1044,FALSE,1,5,24
1576,TRUE,0,0,1
2825,FALSE,4,8,17
78,FALSE,3,11,27
468,TRUE,0,0,2
584,TRUE,0,0,1
1128,TRUE,0,0,2
2137,TRUE,1,0,0
3377,FALSE,1,3,6
3238,FALSE,0,5,11
3460,TRUE,0,0,1
1581,FALSE,1,6,14
1545,TRUE,2,1,4
3293,TRUE,0,1,5
1800,TRUE,2,0,3
3122,FALSE,2,5,12
737,FALSE,5,14,67
1213,FALSE,4,9,25
7,TRUE,0,0,3
3704,TRUE,0,1,1
2835,FALSE,16,14,118
680,FALSE,2,3,7
274,TRUE,0,1,0
732,TRUE,1,0,5
456,FALSE,1,6,11
3529,TRUE,1,0,4
1681,TRUE,0,0,1
386,TRUE,1,0,2
3260,TRUE,0,0,1
575,TRUE,0,0,2
451,TRUE,1,1,7
649,TRUE,1,0,6
542,TRUE,1,1,4
1767,TRUE,0,0,1
2160,TRUE,0,1,7
3105,TRUE,8,0,0
2539,TRUE,1,0,4
1709,FALSE,1,3,7
3198,TRUE,2,1,6
959,TRUE,0,0,2
2332,TRUE,0,0,4
1977,TRUE,0,0,1
1260,TRUE,1,1,6
3322,FALSE,4,4,8
3449,TRUE,0,0,7
1488,FALSE,1,4,9
1043,TRUE,2,1,6
406,FALSE,11,11,36
2287,FALSE,2,4,16
1136,TRUE,0,0,5
1021,TRUE,1,1,4
1353,TRUE,1,0,3
2789,TRUE,1,0,5
1381,TRUE,0,0,1
1817,FALSE,11,11,99
1535,TRUE,0,0,2
3079,TRUE,0,0,1
3083,TRUE,0,0,5
3265,FALSE,2,3,12
2842,TRUE,0,0,1
1019,TRUE,2,1,3
2476,TRUE,0,2,2
2730,TRUE,1,0,2
1139,TRUE,1,0,0
203,TRUE,0,0,9
3747,TRUE,1,0,3
2399,FALSE,5,6,21
3684,FALSE,4,3,12
2123,FALSE,0,4,6
1225,FALSE,2,6,14
2980,TRUE,0,0,3
2389,TRUE,1,2,5
2610,TRUE,1,0,6
178,FALSE,1,4,10
3718,TRUE,0,0,1
1933,TRUE,0,0,2
1837,TRUE,0,1,1
2229,FALSE,1,5,9
1641,TRUE,0,0,8
1541,FALSE,1,4,5
871,FALSE,1,10,30
131,TRUE,0,0,1
3227,FALSE,16,16,116
42,TRUE,2,1,6
1754,TRUE,0,0,3
3059,FALSE,1,5,15
925,TRUE,0,1,8
1113,FALSE,3,3,11
3266,TRUE,0,0,2
1702,TRUE,1,0,3
41,FALSE,10,16,83
1806,FALSE,4,6,26
2899,TRUE,1,0,4
2261,TRUE,0,1,7
2818,FALSE,0,5,6
1882,FALSE,3,4,6
978,TRUE,0,1,0
2388,FALSE,1,5,10
1235,FALSE,4,6,26
2097,FALSE,0,3,11
2658,TRUE,0,0,5
3028,TRUE,1,1,6
341,TRUE,0,0,4
884,TRUE,0,0,2
2361,FALSE,0,3,10
2591,TRUE,0,0,6
1648,TRUE,0,0,2
3609,TRUE,1,0,7
641,TRUE,1,0,0
1027,TRUE,0,0,3
3493,TRUE,0,0,1
3588,FALSE,7,9,32
1051,TRUE,0,0,2
486,TRUE,3,0,3
1209,TRUE,0,1,1
1502,FALSE,1,5,7
992,FALSE,3,3,11
1985,FALSE,1,3,19
2763,FALSE,2,5,46
2890,TRUE,1,1,2
1684,TRUE,0,0,4
233,TRUE,0,0,5
188,TRUE,3,0,3
2767,TRUE,0,0,4
2050,FALSE,10,7,57
2440,TRUE,0,0,8
1748,TRUE,0,0,1
2915,TRUE,0,0,1
454,TRUE,0,0,1
596,FALSE,1,4,5
2562,TRUE,0,0,1
875,TRUE,0,0,4
2829,TRUE,0,2,2
580,FALSE,93,96,625
1316,TRUE,1,0,1
404,FALSE,12,16,110
2679,TRUE,0,0,1
2643,FALSE,2,4,5
273,TRUE,0,0,3
2978,TRUE,0,1,1
1919,FALSE,4,8,16
2620,FALSE,1,5,12
838,TRUE,0,1,0
2566,FALSE,9,16,110
1789,FALSE,5,4,17
380,TRUE,0,0,1
102,TRUE,0,0,1
1264,TRUE,0,0,1
2151,TRUE,0,0,1
945,TRUE,0,0,1
707,FALSE,1,3,6
1392,TRUE,0,0,2
2650,FALSE,20,17,140
3398,TRUE,0,0,14
1292,FALSE,2,3,11
3661,FALSE,26,32,201
3148,FALSE,16,20,118
448,TRUE,1,0,4
278,TRUE,0,0,1
3669,TRUE,0,0,2
2167,TRUE,1,0,5
3196,TRUE,0,0,1
224,TRUE,0,2,2
2066,TRUE,0,0,5
709,TRUE,0,0,1
94,FALSE,0,3,8
946,TRUE,0,0,1
3343,TRUE,1,0,9
1612,TRUE,0,0,2
3144,FALSE,2,7,19
636,TRUE,0,1,2
3036,TRUE,1,0,0
2740,TRUE,1,0,5
2731,TRUE,0,0,1
1478,TRUE,1,0,3
3646,TRUE,0,1,1
1627,TRUE,0,0,1
185,TRUE,0,0,1
797,TRUE,1,0,6
2267,TRUE,0,0,5
1544,TRUE,1,0,0
1215,FALSE,1,4,14
47,FALSE,2,5,23
1593,TRUE,0,0,2
398,TRUE,0,1,1
1590,FALSE,2,5,8
1566,TRUE,0,0,2
3565,FALSE,2,5,10
1961,FALSE,6,4,8
1840,TRUE,0,0,1
878,TRUE,1,0,8
3685,FALSE,0,6,21
562,TRUE,1,0,1
749,FALSE,0,4,19
1668,FALSE,0,4,6
3211,TRUE,0,0,1
2859,TRUE,0,0,2
904,TRUE,0,1,8
2462,TRUE,0,0,2
2247,TRUE,0,0,5
2315,TRUE,0,0,2
107,TRUE,0,0,3
2925,TRUE,1,1,2
2618,FALSE,3,5,5
3556,TRUE,0,0,1
2635,FALSE,0,5,18
1022,FALSE,0,3,15
1207,TRUE,0,1,3
342,FALSE,10,12,43
410,TRUE,0,0,2
1726,TRUE,0,0,1
3692,TRUE,0,0,2
2665,FALSE,3,10,45
2169,TRUE,1,0,3
2438,TRUE,1,0,2
716,FALSE,6,4,31
174,FALSE,1,3,9
1355,TRUE,0,1,5
1073,TRUE,1,1,0
391,FALSE,2,7,31
3542,TRUE,0,0,1
1085,TRUE,0,0,1
3423,TRUE,0,0,1
1265,FALSE,9,8,53
2301,FALSE,3,6,14
1131,TRUE,0,0,3
622,TRUE,0,1,1
890,FALSE,0,3,9
1856,TRUE,0,0,4
3634,TRUE,0,0,8
1987,TRUE,0,1,4
3667,TRUE,0,0,2
3256,TRUE,0,0,1
1940,TRUE,0,0,1
212,TRUE,0,0,2
3678,TRUE,0,2,3
1740,TRUE,0,0,2
390,FALSE,7,6,62
319,TRUE,1,0,7
2732,TRUE,2,1,2
2719,FALSE,19,25,148
1004,TRUE,0,1,1
2004,TRUE,1,0,2
1018,TRUE,0,0,2
850,TRUE,0,0,5
214,FALSE,1,3,8
652,TRUE,0,0,2
2312,FALSE,5,5,18
2046,TRUE,1,0,2
2769,TRUE,0,1,8
1118,TRUE,0,0,1
1810,TRUE,1,0,7
3264,TRUE,0,1,4
450,TRUE,0,1,5
3618,TRUE,0,0,4
3292,TRUE,0,1,4
2964,TRUE,0,2,0
314,TRUE,0,0,2
481,TRUE,0,0,6
64,FALSE,2,4,4
3027,TRUE,0,0,400
110,TRUE,0,3,0
1117,TRUE,0,1,1
1850,TRUE,0,0,1
194,TRUE,1,0,1
2240,FALSE,0,5,13
1596,TRUE,0,0,6
158,TRUE,0,0,1
3620,FALSE,9,11,60
538,TRUE,0,0,6
3134,TRUE,0,0,7
2072,TRUE,6,0,2
3192,TRUE,1,0,3
726,FALSE,1,3,7
2894,TRUE,1,0,7
2277,FALSE,1,7,7
3242,TRUE,0,0,3
2406,TRUE,0,0,4
36,TRUE,0,0,2
1086,TRUE,1,1,5
3020,TRUE,0,0,1
1905,TRUE,0,0,4
2715,FALSE,4,7,30
2993,FALSE,0,8,10
2535,TRUE,1,0,5
2196,TRUE,1,0,2
1647,FALSE,6,3,2
607,FALSE,1,3,8
2791,TRUE,1,2,3
3209,TRUE,0,0,3
1039,TRUE,0,0,2
532,FALSE,1,4,5
3142,TRUE,0,0,3
1636,TRUE,0,0,1
1971,TRUE,0,1,2
3216,TRUE,0,2,0
3141,TRUE,2,0,0
789,TRUE,0,0,1
2080,TRUE,0,0,1
2133,TRUE,0,0,2
2927,TRUE,0,0,2
1246,TRUE,0,0,1
889,TRUE,0,0,1
3735,TRUE,0,0,4
3414,TRUE,0,0,3
2391,FALSE,6,10,27
3297,TRUE,1,1,1
2530,TRUE,0,0,2
113,TRUE,0,1,1
2234,FALSE,3,4,14
988,FALSE,0,4,9
29,TRUE,0,1,1
901,FALSE,3,6,38
505,TRUE,0,1,0
267,TRUE,0,0,4
1120,TRUE,0,0,1
